Variable,Value,Mode,Element/Use,RGB,Color Description,project_name,tool_name,file_name,program_name
background,0 0% 100%,light,body,"(255, 255, 255)",very light gray,cs_2-main,Lovable,index,computer_science
foreground,215 25% 27%,light,body text,"(52, 66, 86)",dark blue,cs_2-main,Lovable,index,computer_science
card,0 0% 100%,light,card background,"(255, 255, 255)",very light gray,cs_2-main,Lovable,index,computer_science
card-foreground,215 25% 27%,light,card text,"(52, 66, 86)",dark blue,cs_2-main,Lovable,index,computer_science
popover,0 0% 100%,light,popover background,"(255, 255, 255)",very light gray,cs_2-main,Lovable,index,computer_science
popover-foreground,215 25% 27%,light,popover text,"(52, 66, 86)",dark blue,cs_2-main,Lovable,index,computer_science
primary,213 94% 24%,light,primary button background / highlights,"(4, 55, 119)",dark blue,cs_2-main,Lovable,index,computer_science
primary-foreground,0 0% 100%,light,primary button text / highlights,"(255, 255, 255)",very light gray,cs_2-main,Lovable,index,computer_science
secondary,187 85% 43%,light,secondary components / sections,"(16, 181, 203)",medium cyan,cs_2-main,Lovable,index,computer_science
secondary-foreground,0 0% 100%,light,secondary text,"(255, 255, 255)",very light gray,cs_2-main,Lovable,index,computer_science
muted,210 40% 96%,light,muted backgrounds,"(241, 245, 249)",very light blue,cs_2-main,Lovable,index,computer_science
muted-foreground,215 16% 47%,light,muted text,"(101, 117, 139)",medium blue,cs_2-main,Lovable,index,computer_science
accent,24 95% 53%,light,accent elements,"(249, 112, 21)",medium orange,cs_2-main,Lovable,index,computer_science
accent-foreground,0 0% 100%,light,accent text,"(255, 255, 255)",very light gray,cs_2-main,Lovable,index,computer_science
destructive,0 84% 60%,light,destructive button background / error,"(239, 67, 67)",medium red,cs_2-main,Lovable,index,computer_science
destructive-foreground,0 0% 100%,light,destructive text,"(255, 255, 255)",very light gray,cs_2-main,Lovable,index,computer_science
border,214 32% 91%,light,borders,"(225, 231, 239)",very light blue,cs_2-main,Lovable,index,computer_science
input,214 32% 91%,light,input background,"(225, 231, 239)",very light blue,cs_2-main,Lovable,index,computer_science
ring,213 94% 24%,light,focus ring / outline,"(4, 55, 119)",dark blue,cs_2-main,Lovable,index,computer_science
radius,0.5rem,light,border radius,,,cs_2-main,Lovable,index,computer_science
hero-gradient-start,213 94% 24%,light,Other / unspecified,"(4, 55, 119)",dark blue,cs_2-main,Lovable,index,computer_science
hero-gradient-end,213 94% 14%,light,Other / unspecified,"(2, 32, 69)",dark blue,cs_2-main,Lovable,index,computer_science
section-bg,210 40% 98%,light,Other / unspecified,"(248, 250, 252)",very light blue,cs_2-main,Lovable,index,computer_science
text-light,215 16% 47%,light,Other / unspecified,"(101, 117, 139)",medium blue,cs_2-main,Lovable,index,computer_science
background,215 28% 17%,light,body,"(31, 41, 55)",dark blue,cs_2-main,Lovable,index,computer_science
foreground,0 0% 98%,light,body text,"(250, 250, 250)",very light gray,cs_2-main,Lovable,index,computer_science
card,215 28% 17%,light,card background,"(31, 41, 55)",dark blue,cs_2-main,Lovable,index,computer_science
card-foreground,0 0% 98%,light,card text,"(250, 250, 250)",very light gray,cs_2-main,Lovable,index,computer_science
popover,215 28% 17%,light,popover background,"(31, 41, 55)",dark blue,cs_2-main,Lovable,index,computer_science
popover-foreground,0 0% 98%,light,popover text,"(250, 250, 250)",very light gray,cs_2-main,Lovable,index,computer_science
primary,187 85% 43%,light,primary button background / highlights,"(16, 181, 203)",medium cyan,cs_2-main,Lovable,index,computer_science
primary-foreground,0 0% 100%,light,primary button text / highlights,"(255, 255, 255)",very light gray,cs_2-main,Lovable,index,computer_science
secondary,213 94% 34%,light,secondary components / sections,"(5, 79, 168)",dark blue,cs_2-main,Lovable,index,computer_science
secondary-foreground,0 0% 100%,light,secondary text,"(255, 255, 255)",very light gray,cs_2-main,Lovable,index,computer_science
muted,215 28% 25%,light,muted backgrounds,"(46, 61, 82)",dark blue,cs_2-main,Lovable,index,computer_science
muted-foreground,215 20% 65%,light,muted text,"(148, 163, 184)",light blue,cs_2-main,Lovable,index,computer_science
accent,24 95% 53%,light,accent elements,"(249, 112, 21)",medium orange,cs_2-main,Lovable,index,computer_science
accent-foreground,0 0% 100%,light,accent text,"(255, 255, 255)",very light gray,cs_2-main,Lovable,index,computer_science
destructive,0 63% 31%,light,destructive button background / error,"(129, 29, 29)",dark red,cs_2-main,Lovable,index,computer_science
destructive-foreground,0 0% 100%,light,destructive text,"(255, 255, 255)",very light gray,cs_2-main,Lovable,index,computer_science
border,215 28% 25%,light,borders,"(46, 61, 82)",dark blue,cs_2-main,Lovable,index,computer_science
input,215 28% 25%,light,input background,"(46, 61, 82)",dark blue,cs_2-main,Lovable,index,computer_science
ring,187 85% 43%,light,focus ring / outline,"(16, 181, 203)",medium cyan,cs_2-main,Lovable,index,computer_science
hero-gradient-start,213 94% 34%,light,Other / unspecified,"(5, 79, 168)",dark blue,cs_2-main,Lovable,index,computer_science
hero-gradient-end,213 94% 24%,light,Other / unspecified,"(4, 55, 119)",dark blue,cs_2-main,Lovable,index,computer_science
section-bg,215 28% 20%,light,Other / unspecified,"(37, 49, 65)",dark blue,cs_2-main,Lovable,index,computer_science
text-light,215 20% 65%,light,Other / unspecified,"(148, 163, 184)",light blue,cs_2-main,Lovable,index,computer_science
background,215 28% 17%,dark,body,"(31, 41, 55)",dark blue,cs_2-main,Lovable,index,computer_science
foreground,0 0% 98%,dark,body text,"(250, 250, 250)",very light gray,cs_2-main,Lovable,index,computer_science
card,215 28% 17%,dark,card background,"(31, 41, 55)",dark blue,cs_2-main,Lovable,index,computer_science
card-foreground,0 0% 98%,dark,card text,"(250, 250, 250)",very light gray,cs_2-main,Lovable,index,computer_science
popover,215 28% 17%,dark,popover background,"(31, 41, 55)",dark blue,cs_2-main,Lovable,index,computer_science
popover-foreground,0 0% 98%,dark,popover text,"(250, 250, 250)",very light gray,cs_2-main,Lovable,index,computer_science
primary,187 85% 43%,dark,primary button background / highlights,"(16, 181, 203)",medium cyan,cs_2-main,Lovable,index,computer_science
primary-foreground,0 0% 100%,dark,primary button text / highlights,"(255, 255, 255)",very light gray,cs_2-main,Lovable,index,computer_science
secondary,213 94% 34%,dark,secondary components / sections,"(5, 79, 168)",dark blue,cs_2-main,Lovable,index,computer_science
secondary-foreground,0 0% 100%,dark,secondary text,"(255, 255, 255)",very light gray,cs_2-main,Lovable,index,computer_science
muted,215 28% 25%,dark,muted backgrounds,"(46, 61, 82)",dark blue,cs_2-main,Lovable,index,computer_science
muted-foreground,215 20% 65%,dark,muted text,"(148, 163, 184)",light blue,cs_2-main,Lovable,index,computer_science
accent,24 95% 53%,dark,accent elements,"(249, 112, 21)",medium orange,cs_2-main,Lovable,index,computer_science
accent-foreground,0 0% 100%,dark,accent text,"(255, 255, 255)",very light gray,cs_2-main,Lovable,index,computer_science
destructive,0 63% 31%,dark,destructive button background / error,"(129, 29, 29)",dark red,cs_2-main,Lovable,index,computer_science
destructive-foreground,0 0% 100%,dark,destructive text,"(255, 255, 255)",very light gray,cs_2-main,Lovable,index,computer_science
border,215 28% 25%,dark,borders,"(46, 61, 82)",dark blue,cs_2-main,Lovable,index,computer_science
input,215 28% 25%,dark,input background,"(46, 61, 82)",dark blue,cs_2-main,Lovable,index,computer_science
ring,187 85% 43%,dark,focus ring / outline,"(16, 181, 203)",medium cyan,cs_2-main,Lovable,index,computer_science
hero-gradient-start,213 94% 34%,dark,Other / unspecified,"(5, 79, 168)",dark blue,cs_2-main,Lovable,index,computer_science
hero-gradient-end,213 94% 24%,dark,Other / unspecified,"(4, 55, 119)",dark blue,cs_2-main,Lovable,index,computer_science
section-bg,215 28% 20%,dark,Other / unspecified,"(37, 49, 65)",dark blue,cs_2-main,Lovable,index,computer_science
text-light,215 20% 65%,dark,Other / unspecified,"(148, 163, 184)",light blue,cs_2-main,Lovable,index,computer_science
background,0 0% 100%,light,body,"(255, 255, 255)",very light gray,cs_3-main,Lovable,index,computer_science
foreground,215 25% 15%,light,body text,"(29, 37, 48)",dark blue,cs_3-main,Lovable,index,computer_science
card,0 0% 100%,light,card background,"(255, 255, 255)",very light gray,cs_3-main,Lovable,index,computer_science
card-foreground,215 25% 15%,light,card text,"(29, 37, 48)",dark blue,cs_3-main,Lovable,index,computer_science
popover,0 0% 100%,light,popover background,"(255, 255, 255)",very light gray,cs_3-main,Lovable,index,computer_science
popover-foreground,215 25% 15%,light,popover text,"(29, 37, 48)",dark blue,cs_3-main,Lovable,index,computer_science
primary,214 84% 32%,light,primary button background / highlights,"(13, 72, 150)",dark blue,cs_3-main,Lovable,index,computer_science
primary-foreground,0 0% 100%,light,primary button text / highlights,"(255, 255, 255)",very light gray,cs_3-main,Lovable,index,computer_science
secondary,214 20% 95%,light,secondary components / sections,"(240, 242, 245)",very light blue,cs_3-main,Lovable,index,computer_science
secondary-foreground,214 84% 32%,light,secondary text,"(13, 72, 150)",dark blue,cs_3-main,Lovable,index,computer_science
muted,214 20% 96%,light,muted backgrounds,"(243, 245, 247)",very light blue,cs_3-main,Lovable,index,computer_science
muted-foreground,215 16% 47%,light,muted text,"(101, 117, 139)",medium blue,cs_3-main,Lovable,index,computer_science
accent,25 95% 53%,light,accent elements,"(249, 116, 21)",medium orange,cs_3-main,Lovable,index,computer_science
accent-foreground,0 0% 100%,light,accent text,"(255, 255, 255)",very light gray,cs_3-main,Lovable,index,computer_science
destructive,0 84% 60%,light,destructive button background / error,"(239, 67, 67)",medium red,cs_3-main,Lovable,index,computer_science
destructive-foreground,0 0% 100%,light,destructive text,"(255, 255, 255)",very light gray,cs_3-main,Lovable,index,computer_science
border,214 20% 90%,light,borders,"(224, 229, 235)",very light blue,cs_3-main,Lovable,index,computer_science
input,214 20% 90%,light,input background,"(224, 229, 235)",very light blue,cs_3-main,Lovable,index,computer_science
ring,214 84% 32%,light,focus ring / outline,"(13, 72, 150)",dark blue,cs_3-main,Lovable,index,computer_science
radius,0.5rem,light,border radius,,,cs_3-main,Lovable,index,computer_science
hero-gradient,"linear-gradient(135deg, hsl(214 84% 32%) 0%, hsl(214 84% 42%) 100%)",light,Other / unspecified,"(127, 302, 171)",light green,cs_3-main,Lovable,index,computer_science
accent-gradient,"linear-gradient(135deg, hsl(25 95% 53%) 0%, hsl(35 95% 58%) 100%)",light,Other / unspecified,"(239, 245, 241)",very light green,cs_3-main,Lovable,index,computer_science
card-shadow,0 4px 20px -2px hsl(214 84% 32% / 0.08),light,Other / unspecified,"(53, 49, 49)",dark gray,cs_3-main,Lovable,index,computer_science
hover-shadow,0 8px 30px -4px hsl(214 84% 32% / 0.15),light,Other / unspecified,"(83, 70, 70)",dark gray,cs_3-main,Lovable,index,computer_science
transition-smooth,"all 0.3s cubic-bezier(0.4, 0, 0.2, 1)",light,transition speed,"(0, 0, 0)",very dark gray,cs_3-main,Lovable,index,computer_science
sidebar-background,0 0% 98%,light,sidebar background,"(250, 250, 250)",very light gray,cs_3-main,Lovable,index,computer_science
sidebar-foreground,240 5.3% 26.1%,light,sidebar text,"(63, 63, 70)",dark gray,cs_3-main,Lovable,index,computer_science
sidebar-primary,240 5.9% 10%,light,sidebar primary elements,"(24, 24, 27)",dark gray,cs_3-main,Lovable,index,computer_science
sidebar-primary-foreground,0 0% 98%,light,sidebar primary text,"(250, 250, 250)",very light gray,cs_3-main,Lovable,index,computer_science
sidebar-accent,240 4.8% 95.9%,light,sidebar accent elements,"(244, 244, 245)",very light gray,cs_3-main,Lovable,index,computer_science
sidebar-accent-foreground,240 5.9% 10%,light,sidebar accent text,"(24, 24, 27)",dark gray,cs_3-main,Lovable,index,computer_science
sidebar-border,220 13% 91%,light,sidebar borders,"(229, 231, 235)",very light blue,cs_3-main,Lovable,index,computer_science
sidebar-ring,217.2 91.2% 59.8%,light,sidebar focus ring,"(59, 130, 246)",medium blue,cs_3-main,Lovable,index,computer_science
background,215 28% 10%,light,body,"(18, 24, 33)",dark blue,cs_3-main,Lovable,index,computer_science
foreground,0 0% 98%,light,body text,"(250, 250, 250)",very light gray,cs_3-main,Lovable,index,computer_science
card,215 25% 13%,light,card background,"(25, 32, 41)",dark blue,cs_3-main,Lovable,index,computer_science
card-foreground,0 0% 98%,light,card text,"(250, 250, 250)",very light gray,cs_3-main,Lovable,index,computer_science
popover,215 25% 13%,light,popover background,"(25, 32, 41)",dark blue,cs_3-main,Lovable,index,computer_science
popover-foreground,0 0% 98%,light,popover text,"(250, 250, 250)",very light gray,cs_3-main,Lovable,index,computer_science
primary,214 84% 48%,light,primary button background / highlights,"(20, 109, 225)",medium blue,cs_3-main,Lovable,index,computer_science
primary-foreground,0 0% 100%,light,primary button text / highlights,"(255, 255, 255)",very light gray,cs_3-main,Lovable,index,computer_science
secondary,215 25% 18%,light,secondary components / sections,"(34, 44, 57)",dark blue,cs_3-main,Lovable,index,computer_science
secondary-foreground,0 0% 98%,light,secondary text,"(250, 250, 250)",very light gray,cs_3-main,Lovable,index,computer_science
muted,215 25% 18%,light,muted backgrounds,"(34, 44, 57)",dark blue,cs_3-main,Lovable,index,computer_science
muted-foreground,215 16% 65%,light,muted text,"(151, 163, 180)",light blue,cs_3-main,Lovable,index,computer_science
accent,25 95% 53%,light,accent elements,"(249, 116, 21)",medium orange,cs_3-main,Lovable,index,computer_science
accent-foreground,0 0% 100%,light,accent text,"(255, 255, 255)",very light gray,cs_3-main,Lovable,index,computer_science
destructive,0 63% 45%,light,destructive button background / error,"(187, 42, 42)",medium red,cs_3-main,Lovable,index,computer_science
destructive-foreground,0 0% 100%,light,destructive text,"(255, 255, 255)",very light gray,cs_3-main,Lovable,index,computer_science
border,215 25% 20%,light,borders,"(38, 49, 64)",dark blue,cs_3-main,Lovable,index,computer_science
input,215 25% 20%,light,input background,"(38, 49, 64)",dark blue,cs_3-main,Lovable,index,computer_science
ring,214 84% 48%,light,focus ring / outline,"(20, 109, 225)",medium blue,cs_3-main,Lovable,index,computer_science
sidebar-background,240 5.9% 10%,light,sidebar background,"(24, 24, 27)",dark gray,cs_3-main,Lovable,index,computer_science
sidebar-foreground,240 4.8% 95.9%,light,sidebar text,"(244, 244, 245)",very light gray,cs_3-main,Lovable,index,computer_science
sidebar-primary,224.3 76.3% 48%,light,sidebar primary elements,"(29, 78, 216)",medium blue,cs_3-main,Lovable,index,computer_science
sidebar-primary-foreground,0 0% 100%,light,sidebar primary text,"(255, 255, 255)",very light gray,cs_3-main,Lovable,index,computer_science
sidebar-accent,240 3.7% 15.9%,light,sidebar accent elements,"(39, 39, 42)",dark gray,cs_3-main,Lovable,index,computer_science
sidebar-accent-foreground,240 4.8% 95.9%,light,sidebar accent text,"(244, 244, 245)",very light gray,cs_3-main,Lovable,index,computer_science
sidebar-border,240 3.7% 15.9%,light,sidebar borders,"(39, 39, 42)",dark gray,cs_3-main,Lovable,index,computer_science
sidebar-ring,217.2 91.2% 59.8%,light,sidebar focus ring,"(59, 130, 246)",medium blue,cs_3-main,Lovable,index,computer_science
background,215 28% 10%,dark,body,"(18, 24, 33)",dark blue,cs_3-main,Lovable,index,computer_science
foreground,0 0% 98%,dark,body text,"(250, 250, 250)",very light gray,cs_3-main,Lovable,index,computer_science
card,215 25% 13%,dark,card background,"(25, 32, 41)",dark blue,cs_3-main,Lovable,index,computer_science
card-foreground,0 0% 98%,dark,card text,"(250, 250, 250)",very light gray,cs_3-main,Lovable,index,computer_science
popover,215 25% 13%,dark,popover background,"(25, 32, 41)",dark blue,cs_3-main,Lovable,index,computer_science
popover-foreground,0 0% 98%,dark,popover text,"(250, 250, 250)",very light gray,cs_3-main,Lovable,index,computer_science
primary,214 84% 48%,dark,primary button background / highlights,"(20, 109, 225)",medium blue,cs_3-main,Lovable,index,computer_science
primary-foreground,0 0% 100%,dark,primary button text / highlights,"(255, 255, 255)",very light gray,cs_3-main,Lovable,index,computer_science
secondary,215 25% 18%,dark,secondary components / sections,"(34, 44, 57)",dark blue,cs_3-main,Lovable,index,computer_science
secondary-foreground,0 0% 98%,dark,secondary text,"(250, 250, 250)",very light gray,cs_3-main,Lovable,index,computer_science
muted,215 25% 18%,dark,muted backgrounds,"(34, 44, 57)",dark blue,cs_3-main,Lovable,index,computer_science
muted-foreground,215 16% 65%,dark,muted text,"(151, 163, 180)",light blue,cs_3-main,Lovable,index,computer_science
accent,25 95% 53%,dark,accent elements,"(249, 116, 21)",medium orange,cs_3-main,Lovable,index,computer_science
accent-foreground,0 0% 100%,dark,accent text,"(255, 255, 255)",very light gray,cs_3-main,Lovable,index,computer_science
destructive,0 63% 45%,dark,destructive button background / error,"(187, 42, 42)",medium red,cs_3-main,Lovable,index,computer_science
destructive-foreground,0 0% 100%,dark,destructive text,"(255, 255, 255)",very light gray,cs_3-main,Lovable,index,computer_science
border,215 25% 20%,dark,borders,"(38, 49, 64)",dark blue,cs_3-main,Lovable,index,computer_science
input,215 25% 20%,dark,input background,"(38, 49, 64)",dark blue,cs_3-main,Lovable,index,computer_science
ring,214 84% 48%,dark,focus ring / outline,"(20, 109, 225)",medium blue,cs_3-main,Lovable,index,computer_science
sidebar-background,240 5.9% 10%,dark,sidebar background,"(24, 24, 27)",dark gray,cs_3-main,Lovable,index,computer_science
sidebar-foreground,240 4.8% 95.9%,dark,sidebar text,"(244, 244, 245)",very light gray,cs_3-main,Lovable,index,computer_science
sidebar-primary,224.3 76.3% 48%,dark,sidebar primary elements,"(29, 78, 216)",medium blue,cs_3-main,Lovable,index,computer_science
sidebar-primary-foreground,0 0% 100%,dark,sidebar primary text,"(255, 255, 255)",very light gray,cs_3-main,Lovable,index,computer_science
sidebar-accent,240 3.7% 15.9%,dark,sidebar accent elements,"(39, 39, 42)",dark gray,cs_3-main,Lovable,index,computer_science
sidebar-accent-foreground,240 4.8% 95.9%,dark,sidebar accent text,"(244, 244, 245)",very light gray,cs_3-main,Lovable,index,computer_science
sidebar-border,240 3.7% 15.9%,dark,sidebar borders,"(39, 39, 42)",dark gray,cs_3-main,Lovable,index,computer_science
sidebar-ring,217.2 91.2% 59.8%,dark,sidebar focus ring,"(59, 130, 246)",medium blue,cs_3-main,Lovable,index,computer_science
background,0 0% 100%,light,body,"(255, 255, 255)",very light gray,cs_4-main,Lovable,index,computer_science
foreground,215 25% 15%,light,body text,"(29, 37, 48)",dark blue,cs_4-main,Lovable,index,computer_science
card,0 0% 100%,light,card background,"(255, 255, 255)",very light gray,cs_4-main,Lovable,index,computer_science
card-foreground,215 25% 15%,light,card text,"(29, 37, 48)",dark blue,cs_4-main,Lovable,index,computer_science
popover,0 0% 100%,light,popover background,"(255, 255, 255)",very light gray,cs_4-main,Lovable,index,computer_science
popover-foreground,215 25% 15%,light,popover text,"(29, 37, 48)",dark blue,cs_4-main,Lovable,index,computer_science
primary,215 70% 25%,light,primary button background / highlights,"(19, 56, 108)",dark blue,cs_4-main,Lovable,index,computer_science
primary-foreground,0 0% 98%,light,primary button text / highlights,"(250, 250, 250)",very light gray,cs_4-main,Lovable,index,computer_science
secondary,210 40% 96%,light,secondary components / sections,"(241, 245, 249)",very light blue,cs_4-main,Lovable,index,computer_science
secondary-foreground,215 70% 25%,light,secondary text,"(19, 56, 108)",dark blue,cs_4-main,Lovable,index,computer_science
muted,210 40% 96%,light,muted backgrounds,"(241, 245, 249)",very light blue,cs_4-main,Lovable,index,computer_science
muted-foreground,215 15% 50%,light,muted text,"(108, 124, 147)",medium blue,cs_4-main,Lovable,index,computer_science
accent,180 65% 45%,light,accent elements,"(40, 189, 189)",medium cyan,cs_4-main,Lovable,index,computer_science
accent-foreground,0 0% 98%,light,accent text,"(250, 250, 250)",very light gray,cs_4-main,Lovable,index,computer_science
destructive,0 84.2% 60.2%,light,destructive button background / error,"(239, 68, 68)",medium red,cs_4-main,Lovable,index,computer_science
destructive-foreground,0 0% 98%,light,destructive text,"(250, 250, 250)",very light gray,cs_4-main,Lovable,index,computer_science
border,215 20% 88%,light,borders,"(218, 223, 231)",very light blue,cs_4-main,Lovable,index,computer_science
input,215 20% 88%,light,input background,"(218, 223, 231)",very light blue,cs_4-main,Lovable,index,computer_science
ring,215 70% 25%,light,focus ring / outline,"(19, 56, 108)",dark blue,cs_4-main,Lovable,index,computer_science
radius,0.75rem,light,border radius,,,cs_4-main,Lovable,index,computer_science
academic-blue,215 70% 25%,light,Other / unspecified,"(19, 56, 108)",dark blue,cs_4-main,Lovable,index,computer_science
academic-blue-light,215 60% 85%,light,Other / unspecified,"(194, 213, 240)",very light blue,cs_4-main,Lovable,index,computer_science
academic-teal,180 65% 45%,light,Other / unspecified,"(40, 189, 189)",medium cyan,cs_4-main,Lovable,index,computer_science
academic-teal-light,180 55% 90%,light,Other / unspecified,"(215, 244, 244)",very light cyan,cs_4-main,Lovable,index,computer_science
academic-orange,25 90% 55%,light,Other / unspecified,"(244, 123, 37)",medium orange,cs_4-main,Lovable,index,computer_science
gradient-hero,"linear-gradient(135deg, hsl(215 70% 25%) 0%, hsl(215 60% 35%) 100%)",light,hero section gradient,"(14, 343, 96)",light green,cs_4-main,Lovable,index,computer_science
gradient-card,"linear-gradient(to bottom right, hsl(0 0% 100%), hsl(210 40% 98%))",light,Other / unspecified,"(255, 255, 255)",very light gray,cs_4-main,Lovable,index,computer_science
shadow-card,"0 4px 6px -1px hsl(215 25% 15% / 0.08), 0 2px 4px -2px hsl(215 25% 15% / 0.05)",light,card shadow,"(16, 15, 15)",very dark gray,cs_4-main,Lovable,index,computer_science
shadow-hover,"0 10px 15px -3px hsl(215 25% 15% / 0.12), 0 4px 6px -4px hsl(215 25% 15% / 0.08)",light,Other / unspecified,"(42, 34, 34)",dark red,cs_4-main,Lovable,index,computer_science
radius,0.75rem,light,border radius,,,cs_4-main,Lovable,index,computer_science
sidebar-background,0 0% 98%,light,sidebar background,"(250, 250, 250)",very light gray,cs_4-main,Lovable,index,computer_science
sidebar-foreground,240 5.3% 26.1%,light,sidebar text,"(63, 63, 70)",dark gray,cs_4-main,Lovable,index,computer_science
sidebar-primary,240 5.9% 10%,light,sidebar primary elements,"(24, 24, 27)",dark gray,cs_4-main,Lovable,index,computer_science
sidebar-primary-foreground,0 0% 98%,light,sidebar primary text,"(250, 250, 250)",very light gray,cs_4-main,Lovable,index,computer_science
sidebar-accent,240 4.8% 95.9%,light,sidebar accent elements,"(244, 244, 245)",very light gray,cs_4-main,Lovable,index,computer_science
sidebar-accent-foreground,240 5.9% 10%,light,sidebar accent text,"(24, 24, 27)",dark gray,cs_4-main,Lovable,index,computer_science
sidebar-border,220 13% 91%,light,sidebar borders,"(229, 231, 235)",very light blue,cs_4-main,Lovable,index,computer_science
sidebar-ring,217.2 91.2% 59.8%,light,sidebar focus ring,"(59, 130, 246)",medium blue,cs_4-main,Lovable,index,computer_science
background,215 30% 10%,light,body,"(18, 24, 33)",dark blue,cs_4-main,Lovable,index,computer_science
foreground,0 0% 98%,light,body text,"(250, 250, 250)",very light gray,cs_4-main,Lovable,index,computer_science
card,215 25% 12%,light,card background,"(23, 29, 38)",dark blue,cs_4-main,Lovable,index,computer_science
card-foreground,0 0% 98%,light,card text,"(250, 250, 250)",very light gray,cs_4-main,Lovable,index,computer_science
popover,215 25% 12%,light,popover background,"(23, 29, 38)",dark blue,cs_4-main,Lovable,index,computer_science
popover-foreground,0 0% 98%,light,popover text,"(250, 250, 250)",very light gray,cs_4-main,Lovable,index,computer_science
primary,180 65% 45%,light,primary button background / highlights,"(40, 189, 189)",medium cyan,cs_4-main,Lovable,index,computer_science
primary-foreground,215 30% 10%,light,primary button text / highlights,"(18, 24, 33)",dark blue,cs_4-main,Lovable,index,computer_science
secondary,215 25% 20%,light,secondary components / sections,"(38, 49, 64)",dark blue,cs_4-main,Lovable,index,computer_science
secondary-foreground,0 0% 98%,light,secondary text,"(250, 250, 250)",very light gray,cs_4-main,Lovable,index,computer_science
muted,215 25% 20%,light,muted backgrounds,"(38, 49, 64)",dark blue,cs_4-main,Lovable,index,computer_science
muted-foreground,215 15% 65%,light,muted text,"(152, 164, 179)",light blue,cs_4-main,Lovable,index,computer_science
accent,180 65% 45%,light,accent elements,"(40, 189, 189)",medium cyan,cs_4-main,Lovable,index,computer_science
accent-foreground,215 30% 10%,light,accent text,"(18, 24, 33)",dark blue,cs_4-main,Lovable,index,computer_science
destructive,0 62.8% 50%,light,destructive button background / error,"(208, 47, 47)",medium red,cs_4-main,Lovable,index,computer_science
destructive-foreground,0 0% 98%,light,destructive text,"(250, 250, 250)",very light gray,cs_4-main,Lovable,index,computer_science
border,215 25% 20%,light,borders,"(38, 49, 64)",dark blue,cs_4-main,Lovable,index,computer_science
input,215 25% 20%,light,input background,"(38, 49, 64)",dark blue,cs_4-main,Lovable,index,computer_science
ring,180 65% 45%,light,focus ring / outline,"(40, 189, 189)",medium cyan,cs_4-main,Lovable,index,computer_science
academic-blue,215 60% 50%,light,Other / unspecified,"(51, 115, 204)",medium blue,cs_4-main,Lovable,index,computer_science
academic-blue-light,215 50% 25%,light,Other / unspecified,"(32, 58, 96)",dark blue,cs_4-main,Lovable,index,computer_science
academic-teal,180 65% 45%,light,Other / unspecified,"(40, 189, 189)",medium cyan,cs_4-main,Lovable,index,computer_science
academic-teal-light,180 55% 20%,light,Other / unspecified,"(23, 79, 79)",dark cyan,cs_4-main,Lovable,index,computer_science
academic-orange,25 90% 55%,light,Other / unspecified,"(244, 123, 37)",medium orange,cs_4-main,Lovable,index,computer_science
gradient-hero,"linear-gradient(135deg, hsl(215 30% 10%) 0%, hsl(215 30% 18%) 100%)",light,hero section gradient,"(-88, 241, -6)",dark green,cs_4-main,Lovable,index,computer_science
gradient-card,"linear-gradient(to bottom right, hsl(215 25% 12%), hsl(215 25% 15%))",light,Other / unspecified,"(23, 29, 38)",dark blue,cs_4-main,Lovable,index,computer_science
shadow-card,"0 4px 6px -1px hsl(0 0% 0% / 0.3), 0 2px 4px -2px hsl(0 0% 0% / 0.2)",light,card shadow,"(16, 15, 15)",very dark gray,cs_4-main,Lovable,index,computer_science
shadow-hover,"0 10px 15px -3px hsl(0 0% 0% / 0.4), 0 4px 6px -4px hsl(0 0% 0% / 0.3)",light,Other / unspecified,"(42, 34, 34)",dark red,cs_4-main,Lovable,index,computer_science
sidebar-background,240 5.9% 10%,light,sidebar background,"(24, 24, 27)",dark gray,cs_4-main,Lovable,index,computer_science
sidebar-foreground,240 4.8% 95.9%,light,sidebar text,"(244, 244, 245)",very light gray,cs_4-main,Lovable,index,computer_science
sidebar-primary,224.3 76.3% 48%,light,sidebar primary elements,"(29, 78, 216)",medium blue,cs_4-main,Lovable,index,computer_science
sidebar-primary-foreground,0 0% 100%,light,sidebar primary text,"(255, 255, 255)",very light gray,cs_4-main,Lovable,index,computer_science
sidebar-accent,240 3.7% 15.9%,light,sidebar accent elements,"(39, 39, 42)",dark gray,cs_4-main,Lovable,index,computer_science
sidebar-accent-foreground,240 4.8% 95.9%,light,sidebar accent text,"(244, 244, 245)",very light gray,cs_4-main,Lovable,index,computer_science
sidebar-border,240 3.7% 15.9%,light,sidebar borders,"(39, 39, 42)",dark gray,cs_4-main,Lovable,index,computer_science
sidebar-ring,217.2 91.2% 59.8%,light,sidebar focus ring,"(59, 130, 246)",medium blue,cs_4-main,Lovable,index,computer_science
background,215 30% 10%,dark,body,"(18, 24, 33)",dark blue,cs_4-main,Lovable,index,computer_science
foreground,0 0% 98%,dark,body text,"(250, 250, 250)",very light gray,cs_4-main,Lovable,index,computer_science
card,215 25% 12%,dark,card background,"(23, 29, 38)",dark blue,cs_4-main,Lovable,index,computer_science
card-foreground,0 0% 98%,dark,card text,"(250, 250, 250)",very light gray,cs_4-main,Lovable,index,computer_science
popover,215 25% 12%,dark,popover background,"(23, 29, 38)",dark blue,cs_4-main,Lovable,index,computer_science
popover-foreground,0 0% 98%,dark,popover text,"(250, 250, 250)",very light gray,cs_4-main,Lovable,index,computer_science
primary,180 65% 45%,dark,primary button background / highlights,"(40, 189, 189)",medium cyan,cs_4-main,Lovable,index,computer_science
primary-foreground,215 30% 10%,dark,primary button text / highlights,"(18, 24, 33)",dark blue,cs_4-main,Lovable,index,computer_science
secondary,215 25% 20%,dark,secondary components / sections,"(38, 49, 64)",dark blue,cs_4-main,Lovable,index,computer_science
secondary-foreground,0 0% 98%,dark,secondary text,"(250, 250, 250)",very light gray,cs_4-main,Lovable,index,computer_science
muted,215 25% 20%,dark,muted backgrounds,"(38, 49, 64)",dark blue,cs_4-main,Lovable,index,computer_science
muted-foreground,215 15% 65%,dark,muted text,"(152, 164, 179)",light blue,cs_4-main,Lovable,index,computer_science
accent,180 65% 45%,dark,accent elements,"(40, 189, 189)",medium cyan,cs_4-main,Lovable,index,computer_science
accent-foreground,215 30% 10%,dark,accent text,"(18, 24, 33)",dark blue,cs_4-main,Lovable,index,computer_science
destructive,0 62.8% 50%,dark,destructive button background / error,"(208, 47, 47)",medium red,cs_4-main,Lovable,index,computer_science
destructive-foreground,0 0% 98%,dark,destructive text,"(250, 250, 250)",very light gray,cs_4-main,Lovable,index,computer_science
border,215 25% 20%,dark,borders,"(38, 49, 64)",dark blue,cs_4-main,Lovable,index,computer_science
input,215 25% 20%,dark,input background,"(38, 49, 64)",dark blue,cs_4-main,Lovable,index,computer_science
ring,180 65% 45%,dark,focus ring / outline,"(40, 189, 189)",medium cyan,cs_4-main,Lovable,index,computer_science
academic-blue,215 60% 50%,dark,Other / unspecified,"(51, 115, 204)",medium blue,cs_4-main,Lovable,index,computer_science
academic-blue-light,215 50% 25%,dark,Other / unspecified,"(32, 58, 96)",dark blue,cs_4-main,Lovable,index,computer_science
academic-teal,180 65% 45%,dark,Other / unspecified,"(40, 189, 189)",medium cyan,cs_4-main,Lovable,index,computer_science
academic-teal-light,180 55% 20%,dark,Other / unspecified,"(23, 79, 79)",dark cyan,cs_4-main,Lovable,index,computer_science
academic-orange,25 90% 55%,dark,Other / unspecified,"(244, 123, 37)",medium orange,cs_4-main,Lovable,index,computer_science
gradient-hero,"linear-gradient(135deg, hsl(215 30% 10%) 0%, hsl(215 30% 18%) 100%)",dark,hero section gradient,"(-88, 241, -6)",dark green,cs_4-main,Lovable,index,computer_science
gradient-card,"linear-gradient(to bottom right, hsl(215 25% 12%), hsl(215 25% 15%))",dark,Other / unspecified,"(23, 29, 38)",dark blue,cs_4-main,Lovable,index,computer_science
shadow-card,"0 4px 6px -1px hsl(0 0% 0% / 0.3), 0 2px 4px -2px hsl(0 0% 0% / 0.2)",dark,card shadow,"(16, 15, 15)",very dark gray,cs_4-main,Lovable,index,computer_science
shadow-hover,"0 10px 15px -3px hsl(0 0% 0% / 0.4), 0 4px 6px -4px hsl(0 0% 0% / 0.3)",dark,Other / unspecified,"(42, 34, 34)",dark red,cs_4-main,Lovable,index,computer_science
sidebar-background,240 5.9% 10%,dark,sidebar background,"(24, 24, 27)",dark gray,cs_4-main,Lovable,index,computer_science
sidebar-foreground,240 4.8% 95.9%,dark,sidebar text,"(244, 244, 245)",very light gray,cs_4-main,Lovable,index,computer_science
sidebar-primary,224.3 76.3% 48%,dark,sidebar primary elements,"(29, 78, 216)",medium blue,cs_4-main,Lovable,index,computer_science
sidebar-primary-foreground,0 0% 100%,dark,sidebar primary text,"(255, 255, 255)",very light gray,cs_4-main,Lovable,index,computer_science
sidebar-accent,240 3.7% 15.9%,dark,sidebar accent elements,"(39, 39, 42)",dark gray,cs_4-main,Lovable,index,computer_science
sidebar-accent-foreground,240 4.8% 95.9%,dark,sidebar accent text,"(244, 244, 245)",very light gray,cs_4-main,Lovable,index,computer_science
sidebar-border,240 3.7% 15.9%,dark,sidebar borders,"(39, 39, 42)",dark gray,cs_4-main,Lovable,index,computer_science
sidebar-ring,217.2 91.2% 59.8%,dark,sidebar focus ring,"(59, 130, 246)",medium blue,cs_4-main,Lovable,index,computer_science
background,0 0% 100%,light,body,"(255, 255, 255)",very light gray,cs_5-main,Lovable,index,computer_science
foreground,210 100% 15%,light,body text,"(0, 38, 76)",dark blue,cs_5-main,Lovable,index,computer_science
card,0 0% 100%,light,card background,"(255, 255, 255)",very light gray,cs_5-main,Lovable,index,computer_science
card-foreground,210 100% 15%,light,card text,"(0, 38, 76)",dark blue,cs_5-main,Lovable,index,computer_science
popover,0 0% 100%,light,popover background,"(255, 255, 255)",very light gray,cs_5-main,Lovable,index,computer_science
popover-foreground,210 100% 15%,light,popover text,"(0, 38, 76)",dark blue,cs_5-main,Lovable,index,computer_science
primary,210 100% 25%,light,primary button background / highlights,"(0, 64, 128)",dark blue,cs_5-main,Lovable,index,computer_science
primary-foreground,0 0% 100%,light,primary button text / highlights,"(255, 255, 255)",very light gray,cs_5-main,Lovable,index,computer_science
primary-light,210 90% 45%,light,Other / unspecified,"(11, 115, 218)",medium blue,cs_5-main,Lovable,index,computer_science
secondary,210 40% 96%,light,secondary components / sections,"(241, 245, 249)",very light blue,cs_5-main,Lovable,index,computer_science
secondary-foreground,210 100% 25%,light,secondary text,"(0, 64, 128)",dark blue,cs_5-main,Lovable,index,computer_science
muted,210 30% 95%,light,muted backgrounds,"(238, 242, 246)",very light blue,cs_5-main,Lovable,index,computer_science
muted-foreground,210 20% 45%,light,muted text,"(92, 115, 138)",medium blue,cs_5-main,Lovable,index,computer_science
accent,35 100% 50%,light,accent elements,"(255, 149, 0)",medium orange,cs_5-main,Lovable,index,computer_science
accent-foreground,0 0% 100%,light,accent text,"(255, 255, 255)",very light gray,cs_5-main,Lovable,index,computer_science
destructive,0 84.2% 60.2%,light,destructive button background / error,"(239, 68, 68)",medium red,cs_5-main,Lovable,index,computer_science
destructive-foreground,0 0% 100%,light,destructive text,"(255, 255, 255)",very light gray,cs_5-main,Lovable,index,computer_science
border,210 30% 90%,light,borders,"(222, 230, 237)",very light blue,cs_5-main,Lovable,index,computer_science
input,210 30% 90%,light,input background,"(222, 230, 237)",very light blue,cs_5-main,Lovable,index,computer_science
ring,210 100% 25%,light,focus ring / outline,"(0, 64, 128)",dark blue,cs_5-main,Lovable,index,computer_science
radius,0.5rem,light,border radius,,,cs_5-main,Lovable,index,computer_science
gradient-primary,"linear-gradient(135deg, hsl(210 100% 25%), hsl(210 90% 45%))",light,Other / unspecified,"(255, 255, 255)",very light green,cs_5-main,Lovable,index,computer_science
gradient-hero,"linear-gradient(135deg, hsl(210 100% 25% / 0.95), hsl(210 90% 45% / 0.95))",light,hero section gradient,"(255, 255, 255)",very light green,cs_5-main,Lovable,index,computer_science
shadow-lg,0 10px 30px -5px hsl(210 100% 25% / 0.15),light,Other / unspecified,"(84, 69, 69)",dark red,cs_5-main,Lovable,index,computer_science
shadow-xl,0 20px 40px -10px hsl(210 100% 25% / 0.2),light,Other / unspecified,"(122, 82, 82)",medium red,cs_5-main,Lovable,index,computer_science
background,210 100% 8%,light,body,"(0, 20, 41)",very dark blue,cs_5-main,Lovable,index,computer_science
foreground,0 0% 95%,light,body text,"(242, 242, 242)",very light gray,cs_5-main,Lovable,index,computer_science
card,210 100% 12%,light,card background,"(0, 31, 61)",dark blue,cs_5-main,Lovable,index,computer_science
card-foreground,0 0% 95%,light,card text,"(242, 242, 242)",very light gray,cs_5-main,Lovable,index,computer_science
popover,210 100% 12%,light,popover background,"(0, 31, 61)",dark blue,cs_5-main,Lovable,index,computer_science
popover-foreground,0 0% 95%,light,popover text,"(242, 242, 242)",very light gray,cs_5-main,Lovable,index,computer_science
primary,210 90% 55%,light,primary button background / highlights,"(37, 140, 244)",medium blue,cs_5-main,Lovable,index,computer_science
primary-foreground,210 100% 10%,light,primary button text / highlights,"(0, 25, 51)",dark blue,cs_5-main,Lovable,index,computer_science
primary-light,210 80% 65%,light,Other / unspecified,"(94, 166, 237)",light blue,cs_5-main,Lovable,index,computer_science
secondary,210 50% 18%,light,secondary components / sections,"(23, 46, 69)",dark blue,cs_5-main,Lovable,index,computer_science
secondary-foreground,0 0% 95%,light,secondary text,"(242, 242, 242)",very light gray,cs_5-main,Lovable,index,computer_science
muted,210 50% 18%,light,muted backgrounds,"(23, 46, 69)",dark blue,cs_5-main,Lovable,index,computer_science
muted-foreground,210 20% 65%,light,muted text,"(148, 166, 184)",light blue,cs_5-main,Lovable,index,computer_science
accent,35 100% 55%,light,accent elements,"(255, 159, 26)",medium orange,cs_5-main,Lovable,index,computer_science
accent-foreground,0 0% 10%,light,accent text,"(26, 26, 26)",dark gray,cs_5-main,Lovable,index,computer_science
destructive,0 62.8% 50%,light,destructive button background / error,"(208, 47, 47)",medium red,cs_5-main,Lovable,index,computer_science
destructive-foreground,0 0% 95%,light,destructive text,"(242, 242, 242)",very light gray,cs_5-main,Lovable,index,computer_science
border,210 50% 20%,light,borders,"(25, 51, 77)",dark blue,cs_5-main,Lovable,index,computer_science
input,210 50% 20%,light,input background,"(25, 51, 77)",dark blue,cs_5-main,Lovable,index,computer_science
ring,210 90% 55%,light,focus ring / outline,"(37, 140, 244)",medium blue,cs_5-main,Lovable,index,computer_science
background,210 100% 8%,dark,body,"(0, 20, 41)",very dark blue,cs_5-main,Lovable,index,computer_science
foreground,0 0% 95%,dark,body text,"(242, 242, 242)",very light gray,cs_5-main,Lovable,index,computer_science
card,210 100% 12%,dark,card background,"(0, 31, 61)",dark blue,cs_5-main,Lovable,index,computer_science
card-foreground,0 0% 95%,dark,card text,"(242, 242, 242)",very light gray,cs_5-main,Lovable,index,computer_science
popover,210 100% 12%,dark,popover background,"(0, 31, 61)",dark blue,cs_5-main,Lovable,index,computer_science
popover-foreground,0 0% 95%,dark,popover text,"(242, 242, 242)",very light gray,cs_5-main,Lovable,index,computer_science
primary,210 90% 55%,dark,primary button background / highlights,"(37, 140, 244)",medium blue,cs_5-main,Lovable,index,computer_science
primary-foreground,210 100% 10%,dark,primary button text / highlights,"(0, 25, 51)",dark blue,cs_5-main,Lovable,index,computer_science
primary-light,210 80% 65%,dark,Other / unspecified,"(94, 166, 237)",light blue,cs_5-main,Lovable,index,computer_science
secondary,210 50% 18%,dark,secondary components / sections,"(23, 46, 69)",dark blue,cs_5-main,Lovable,index,computer_science
secondary-foreground,0 0% 95%,dark,secondary text,"(242, 242, 242)",very light gray,cs_5-main,Lovable,index,computer_science
muted,210 50% 18%,dark,muted backgrounds,"(23, 46, 69)",dark blue,cs_5-main,Lovable,index,computer_science
muted-foreground,210 20% 65%,dark,muted text,"(148, 166, 184)",light blue,cs_5-main,Lovable,index,computer_science
accent,35 100% 55%,dark,accent elements,"(255, 159, 26)",medium orange,cs_5-main,Lovable,index,computer_science
accent-foreground,0 0% 10%,dark,accent text,"(26, 26, 26)",dark gray,cs_5-main,Lovable,index,computer_science
destructive,0 62.8% 50%,dark,destructive button background / error,"(208, 47, 47)",medium red,cs_5-main,Lovable,index,computer_science
destructive-foreground,0 0% 95%,dark,destructive text,"(242, 242, 242)",very light gray,cs_5-main,Lovable,index,computer_science
border,210 50% 20%,dark,borders,"(25, 51, 77)",dark blue,cs_5-main,Lovable,index,computer_science
input,210 50% 20%,dark,input background,"(25, 51, 77)",dark blue,cs_5-main,Lovable,index,computer_science
ring,210 90% 55%,dark,focus ring / outline,"(37, 140, 244)",medium blue,cs_5-main,Lovable,index,computer_science
background,0 0% 100%,light,body,"(255, 255, 255)",very light gray,cs_1-main,Lovable,index,computer_science
foreground,215 25% 15%,light,body text,"(29, 37, 48)",dark blue,cs_1-main,Lovable,index,computer_science
card,0 0% 100%,light,card background,"(255, 255, 255)",very light gray,cs_1-main,Lovable,index,computer_science
card-foreground,215 25% 15%,light,card text,"(29, 37, 48)",dark blue,cs_1-main,Lovable,index,computer_science
popover,0 0% 100%,light,popover background,"(255, 255, 255)",very light gray,cs_1-main,Lovable,index,computer_science
popover-foreground,215 25% 15%,light,popover text,"(29, 37, 48)",dark blue,cs_1-main,Lovable,index,computer_science
primary,215 65% 25%,light,primary button background / highlights,"(22, 57, 105)",dark blue,cs_1-main,Lovable,index,computer_science
primary-foreground,0 0% 100%,light,primary button text / highlights,"(255, 255, 255)",very light gray,cs_1-main,Lovable,index,computer_science
secondary,210 40% 96%,light,secondary components / sections,"(241, 245, 249)",very light blue,cs_1-main,Lovable,index,computer_science
secondary-foreground,215 65% 25%,light,secondary text,"(22, 57, 105)",dark blue,cs_1-main,Lovable,index,computer_science
muted,210 40% 96%,light,muted backgrounds,"(241, 245, 249)",very light blue,cs_1-main,Lovable,index,computer_science
muted-foreground,215 15% 50%,light,muted text,"(108, 124, 147)",medium blue,cs_1-main,Lovable,index,computer_science
accent,190 95% 45%,light,accent elements,"(6, 187, 224)",medium cyan,cs_1-main,Lovable,index,computer_science
accent-foreground,0 0% 100%,light,accent text,"(255, 255, 255)",very light gray,cs_1-main,Lovable,index,computer_science
cta,25 95% 55%,light,Other / unspecified,"(249, 122, 31)",medium orange,cs_1-main,Lovable,index,computer_science
cta-foreground,0 0% 100%,light,Other / unspecified,"(255, 255, 255)",very light gray,cs_1-main,Lovable,index,computer_science
destructive,0 84% 60%,light,destructive button background / error,"(239, 67, 67)",medium red,cs_1-main,Lovable,index,computer_science
destructive-foreground,0 0% 100%,light,destructive text,"(255, 255, 255)",very light gray,cs_1-main,Lovable,index,computer_science
border,214 32% 91%,light,borders,"(225, 231, 239)",very light blue,cs_1-main,Lovable,index,computer_science
input,214 32% 91%,light,input background,"(225, 231, 239)",very light blue,cs_1-main,Lovable,index,computer_science
ring,215 65% 25%,light,focus ring / outline,"(22, 57, 105)",dark blue,cs_1-main,Lovable,index,computer_science
radius,0.75rem,light,border radius,,,cs_1-main,Lovable,index,computer_science
gradient-hero,"linear-gradient(135deg, hsl(215 65% 25%) 0%, hsl(215 65% 35%) 100%)",light,hero section gradient,"(-26, 358, 70)",light green,cs_1-main,Lovable,index,computer_science
gradient-accent,"linear-gradient(135deg, hsl(190 95% 45%) 0%, hsl(200 95% 55%) 100%)",light,Other / unspecified,"(218, 266, 230)",very light green,cs_1-main,Lovable,index,computer_science
background,215 30% 8%,light,body,"(14, 19, 27)",very dark blue,cs_1-main,Lovable,index,computer_science
foreground,0 0% 98%,light,body text,"(250, 250, 250)",very light gray,cs_1-main,Lovable,index,computer_science
card,215 25% 12%,light,card background,"(23, 29, 38)",dark blue,cs_1-main,Lovable,index,computer_science
card-foreground,0 0% 98%,light,card text,"(250, 250, 250)",very light gray,cs_1-main,Lovable,index,computer_science
popover,215 25% 12%,light,popover background,"(23, 29, 38)",dark blue,cs_1-main,Lovable,index,computer_science
popover-foreground,0 0% 98%,light,popover text,"(250, 250, 250)",very light gray,cs_1-main,Lovable,index,computer_science
primary,190 95% 50%,light,primary button background / highlights,"(6, 208, 249)",medium cyan,cs_1-main,Lovable,index,computer_science
primary-foreground,215 30% 8%,light,primary button text / highlights,"(14, 19, 27)",very dark blue,cs_1-main,Lovable,index,computer_science
secondary,215 25% 18%,light,secondary components / sections,"(34, 44, 57)",dark blue,cs_1-main,Lovable,index,computer_science
secondary-foreground,0 0% 98%,light,secondary text,"(250, 250, 250)",very light gray,cs_1-main,Lovable,index,computer_science
muted,215 25% 18%,light,muted backgrounds,"(34, 44, 57)",dark blue,cs_1-main,Lovable,index,computer_science
muted-foreground,215 15% 65%,light,muted text,"(152, 164, 179)",light blue,cs_1-main,Lovable,index,computer_science
accent,190 95% 45%,light,accent elements,"(6, 187, 224)",medium cyan,cs_1-main,Lovable,index,computer_science
accent-foreground,0 0% 100%,light,accent text,"(255, 255, 255)",very light gray,cs_1-main,Lovable,index,computer_science
cta,25 95% 55%,light,Other / unspecified,"(249, 122, 31)",medium orange,cs_1-main,Lovable,index,computer_science
cta-foreground,0 0% 100%,light,Other / unspecified,"(255, 255, 255)",very light gray,cs_1-main,Lovable,index,computer_science
destructive,0 62% 50%,light,destructive button background / error,"(207, 48, 48)",medium red,cs_1-main,Lovable,index,computer_science
destructive-foreground,0 0% 100%,light,destructive text,"(255, 255, 255)",very light gray,cs_1-main,Lovable,index,computer_science
border,215 25% 18%,light,borders,"(34, 44, 57)",dark blue,cs_1-main,Lovable,index,computer_science
input,215 25% 18%,light,input background,"(34, 44, 57)",dark blue,cs_1-main,Lovable,index,computer_science
ring,190 95% 50%,light,focus ring / outline,"(6, 208, 249)",medium cyan,cs_1-main,Lovable,index,computer_science
background,215 30% 8%,dark,body,"(14, 19, 27)",very dark blue,cs_1-main,Lovable,index,computer_science
foreground,0 0% 98%,dark,body text,"(250, 250, 250)",very light gray,cs_1-main,Lovable,index,computer_science
card,215 25% 12%,dark,card background,"(23, 29, 38)",dark blue,cs_1-main,Lovable,index,computer_science
card-foreground,0 0% 98%,dark,card text,"(250, 250, 250)",very light gray,cs_1-main,Lovable,index,computer_science
popover,215 25% 12%,dark,popover background,"(23, 29, 38)",dark blue,cs_1-main,Lovable,index,computer_science
popover-foreground,0 0% 98%,dark,popover text,"(250, 250, 250)",very light gray,cs_1-main,Lovable,index,computer_science
primary,190 95% 50%,dark,primary button background / highlights,"(6, 208, 249)",medium cyan,cs_1-main,Lovable,index,computer_science
primary-foreground,215 30% 8%,dark,primary button text / highlights,"(14, 19, 27)",very dark blue,cs_1-main,Lovable,index,computer_science
secondary,215 25% 18%,dark,secondary components / sections,"(34, 44, 57)",dark blue,cs_1-main,Lovable,index,computer_science
secondary-foreground,0 0% 98%,dark,secondary text,"(250, 250, 250)",very light gray,cs_1-main,Lovable,index,computer_science
muted,215 25% 18%,dark,muted backgrounds,"(34, 44, 57)",dark blue,cs_1-main,Lovable,index,computer_science
muted-foreground,215 15% 65%,dark,muted text,"(152, 164, 179)",light blue,cs_1-main,Lovable,index,computer_science
accent,190 95% 45%,dark,accent elements,"(6, 187, 224)",medium cyan,cs_1-main,Lovable,index,computer_science
accent-foreground,0 0% 100%,dark,accent text,"(255, 255, 255)",very light gray,cs_1-main,Lovable,index,computer_science
cta,25 95% 55%,dark,Other / unspecified,"(249, 122, 31)",medium orange,cs_1-main,Lovable,index,computer_science
cta-foreground,0 0% 100%,dark,Other / unspecified,"(255, 255, 255)",very light gray,cs_1-main,Lovable,index,computer_science
destructive,0 62% 50%,dark,destructive button background / error,"(207, 48, 48)",medium red,cs_1-main,Lovable,index,computer_science
destructive-foreground,0 0% 100%,dark,destructive text,"(255, 255, 255)",very light gray,cs_1-main,Lovable,index,computer_science
border,215 25% 18%,dark,borders,"(34, 44, 57)",dark blue,cs_1-main,Lovable,index,computer_science
input,215 25% 18%,dark,input background,"(34, 44, 57)",dark blue,cs_1-main,Lovable,index,computer_science
ring,190 95% 50%,dark,focus ring / outline,"(6, 208, 249)",medium cyan,cs_1-main,Lovable,index,computer_science
background,0 0% 100%,light,body,"(255, 255, 255)",very light gray,nursing_1-main,Lovable,index,nursing
foreground,210 24% 16%,light,body text,"(31, 41, 51)",dark blue,nursing_1-main,Lovable,index,nursing
card,0 0% 100%,light,card background,"(255, 255, 255)",very light gray,nursing_1-main,Lovable,index,nursing
card-foreground,210 24% 16%,light,card text,"(31, 41, 51)",dark blue,nursing_1-main,Lovable,index,nursing
popover,0 0% 100%,light,popover background,"(255, 255, 255)",very light gray,nursing_1-main,Lovable,index,nursing
popover-foreground,210 24% 16%,light,popover text,"(31, 41, 51)",dark blue,nursing_1-main,Lovable,index,nursing
primary,210 85% 42%,light,primary button background / highlights,"(16, 107, 198)",medium blue,nursing_1-main,Lovable,index,nursing
primary-foreground,0 0% 100%,light,primary button text / highlights,"(255, 255, 255)",very light gray,nursing_1-main,Lovable,index,nursing
secondary,210 40% 96%,light,secondary components / sections,"(241, 245, 249)",very light blue,nursing_1-main,Lovable,index,nursing
secondary-foreground,210 24% 16%,light,secondary text,"(31, 41, 51)",dark blue,nursing_1-main,Lovable,index,nursing
muted,210 40% 96%,light,muted backgrounds,"(241, 245, 249)",very light blue,nursing_1-main,Lovable,index,nursing
muted-foreground,210 16% 46%,light,muted text,"(99, 117, 136)",medium blue,nursing_1-main,Lovable,index,nursing
accent,340 75% 55%,light,accent elements,"(226, 54, 112)",medium magenta,nursing_1-main,Lovable,index,nursing
accent-foreground,0 0% 100%,light,accent text,"(255, 255, 255)",very light gray,nursing_1-main,Lovable,index,nursing
destructive,0 84% 60%,light,destructive button background / error,"(239, 67, 67)",medium red,nursing_1-main,Lovable,index,nursing
destructive-foreground,0 0% 100%,light,destructive text,"(255, 255, 255)",very light gray,nursing_1-main,Lovable,index,nursing
border,210 31% 91%,light,borders,"(225, 232, 239)",very light blue,nursing_1-main,Lovable,index,nursing
input,210 31% 91%,light,input background,"(225, 232, 239)",very light blue,nursing_1-main,Lovable,index,nursing
ring,210 85% 42%,light,focus ring / outline,"(16, 107, 198)",medium blue,nursing_1-main,Lovable,index,nursing
radius,0.75rem,light,border radius,,,nursing_1-main,Lovable,index,nursing
hero-gradient-start,210 85% 42%,light,Other / unspecified,"(16, 107, 198)",medium blue,nursing_1-main,Lovable,index,nursing
hero-gradient-end,210 75% 28%,light,Other / unspecified,"(18, 71, 125)",dark blue,nursing_1-main,Lovable,index,nursing
card-shadow,210 50% 90%,light,Other / unspecified,"(217, 230, 242)",very light blue,nursing_1-main,Lovable,index,nursing
transition-smooth,"all 0.3s cubic-bezier(0.4, 0, 0.2, 1)",light,transition speed,"(0, 0, 0)",very dark gray,nursing_1-main,Lovable,index,nursing
sidebar-background,0 0% 98%,light,sidebar background,"(250, 250, 250)",very light gray,nursing_1-main,Lovable,index,nursing
sidebar-foreground,240 5.3% 26.1%,light,sidebar text,"(63, 63, 70)",dark gray,nursing_1-main,Lovable,index,nursing
sidebar-primary,240 5.9% 10%,light,sidebar primary elements,"(24, 24, 27)",dark gray,nursing_1-main,Lovable,index,nursing
sidebar-primary-foreground,0 0% 98%,light,sidebar primary text,"(250, 250, 250)",very light gray,nursing_1-main,Lovable,index,nursing
sidebar-accent,240 4.8% 95.9%,light,sidebar accent elements,"(244, 244, 245)",very light gray,nursing_1-main,Lovable,index,nursing
sidebar-accent-foreground,240 5.9% 10%,light,sidebar accent text,"(24, 24, 27)",dark gray,nursing_1-main,Lovable,index,nursing
sidebar-border,220 13% 91%,light,sidebar borders,"(229, 231, 235)",very light blue,nursing_1-main,Lovable,index,nursing
sidebar-ring,217.2 91.2% 59.8%,light,sidebar focus ring,"(59, 130, 246)",medium blue,nursing_1-main,Lovable,index,nursing
background,210 30% 8%,light,body,"(14, 20, 27)",very dark blue,nursing_1-main,Lovable,index,nursing
foreground,210 40% 98%,light,body text,"(248, 250, 252)",very light blue,nursing_1-main,Lovable,index,nursing
card,210 30% 10%,light,card background,"(18, 25, 33)",dark blue,nursing_1-main,Lovable,index,nursing
card-foreground,210 40% 98%,light,card text,"(248, 250, 252)",very light blue,nursing_1-main,Lovable,index,nursing
popover,210 30% 10%,light,popover background,"(18, 25, 33)",dark blue,nursing_1-main,Lovable,index,nursing
popover-foreground,210 40% 98%,light,popover text,"(248, 250, 252)",very light blue,nursing_1-main,Lovable,index,nursing
primary,210 85% 52%,light,primary button background / highlights,"(29, 133, 237)",medium blue,nursing_1-main,Lovable,index,nursing
primary-foreground,0 0% 100%,light,primary button text / highlights,"(255, 255, 255)",very light gray,nursing_1-main,Lovable,index,nursing
secondary,210 30% 15%,light,secondary components / sections,"(27, 38, 50)",dark blue,nursing_1-main,Lovable,index,nursing
secondary-foreground,210 40% 98%,light,secondary text,"(248, 250, 252)",very light blue,nursing_1-main,Lovable,index,nursing
muted,210 30% 15%,light,muted backgrounds,"(27, 38, 50)",dark blue,nursing_1-main,Lovable,index,nursing
muted-foreground,210 20% 65%,light,muted text,"(148, 166, 184)",light blue,nursing_1-main,Lovable,index,nursing
accent,340 75% 55%,light,accent elements,"(226, 54, 112)",medium magenta,nursing_1-main,Lovable,index,nursing
accent-foreground,0 0% 100%,light,accent text,"(255, 255, 255)",very light gray,nursing_1-main,Lovable,index,nursing
destructive,0 62% 50%,light,destructive button background / error,"(207, 48, 48)",medium red,nursing_1-main,Lovable,index,nursing
destructive-foreground,0 0% 100%,light,destructive text,"(255, 255, 255)",very light gray,nursing_1-main,Lovable,index,nursing
border,210 30% 20%,light,borders,"(36, 51, 66)",dark blue,nursing_1-main,Lovable,index,nursing
input,210 30% 20%,light,input background,"(36, 51, 66)",dark blue,nursing_1-main,Lovable,index,nursing
ring,210 85% 52%,light,focus ring / outline,"(29, 133, 237)",medium blue,nursing_1-main,Lovable,index,nursing
hero-gradient-start,210 85% 35%,light,Other / unspecified,"(13, 89, 165)",medium blue,nursing_1-main,Lovable,index,nursing
hero-gradient-end,210 75% 22%,light,Other / unspecified,"(14, 56, 98)",dark blue,nursing_1-main,Lovable,index,nursing
card-shadow,210 50% 6%,light,Other / unspecified,"(8, 15, 23)",very dark blue,nursing_1-main,Lovable,index,nursing
sidebar-background,240 5.9% 10%,light,sidebar background,"(24, 24, 27)",dark gray,nursing_1-main,Lovable,index,nursing
sidebar-foreground,240 4.8% 95.9%,light,sidebar text,"(244, 244, 245)",very light gray,nursing_1-main,Lovable,index,nursing
sidebar-primary,224.3 76.3% 48%,light,sidebar primary elements,"(29, 78, 216)",medium blue,nursing_1-main,Lovable,index,nursing
sidebar-primary-foreground,0 0% 100%,light,sidebar primary text,"(255, 255, 255)",very light gray,nursing_1-main,Lovable,index,nursing
sidebar-accent,240 3.7% 15.9%,light,sidebar accent elements,"(39, 39, 42)",dark gray,nursing_1-main,Lovable,index,nursing
sidebar-accent-foreground,240 4.8% 95.9%,light,sidebar accent text,"(244, 244, 245)",very light gray,nursing_1-main,Lovable,index,nursing
sidebar-border,240 3.7% 15.9%,light,sidebar borders,"(39, 39, 42)",dark gray,nursing_1-main,Lovable,index,nursing
sidebar-ring,217.2 91.2% 59.8%,light,sidebar focus ring,"(59, 130, 246)",medium blue,nursing_1-main,Lovable,index,nursing
background,210 30% 8%,dark,body,"(14, 20, 27)",very dark blue,nursing_1-main,Lovable,index,nursing
foreground,210 40% 98%,dark,body text,"(248, 250, 252)",very light blue,nursing_1-main,Lovable,index,nursing
card,210 30% 10%,dark,card background,"(18, 25, 33)",dark blue,nursing_1-main,Lovable,index,nursing
card-foreground,210 40% 98%,dark,card text,"(248, 250, 252)",very light blue,nursing_1-main,Lovable,index,nursing
popover,210 30% 10%,dark,popover background,"(18, 25, 33)",dark blue,nursing_1-main,Lovable,index,nursing
popover-foreground,210 40% 98%,dark,popover text,"(248, 250, 252)",very light blue,nursing_1-main,Lovable,index,nursing
primary,210 85% 52%,dark,primary button background / highlights,"(29, 133, 237)",medium blue,nursing_1-main,Lovable,index,nursing
primary-foreground,0 0% 100%,dark,primary button text / highlights,"(255, 255, 255)",very light gray,nursing_1-main,Lovable,index,nursing
secondary,210 30% 15%,dark,secondary components / sections,"(27, 38, 50)",dark blue,nursing_1-main,Lovable,index,nursing
secondary-foreground,210 40% 98%,dark,secondary text,"(248, 250, 252)",very light blue,nursing_1-main,Lovable,index,nursing
muted,210 30% 15%,dark,muted backgrounds,"(27, 38, 50)",dark blue,nursing_1-main,Lovable,index,nursing
muted-foreground,210 20% 65%,dark,muted text,"(148, 166, 184)",light blue,nursing_1-main,Lovable,index,nursing
accent,340 75% 55%,dark,accent elements,"(226, 54, 112)",medium magenta,nursing_1-main,Lovable,index,nursing
accent-foreground,0 0% 100%,dark,accent text,"(255, 255, 255)",very light gray,nursing_1-main,Lovable,index,nursing
destructive,0 62% 50%,dark,destructive button background / error,"(207, 48, 48)",medium red,nursing_1-main,Lovable,index,nursing
destructive-foreground,0 0% 100%,dark,destructive text,"(255, 255, 255)",very light gray,nursing_1-main,Lovable,index,nursing
border,210 30% 20%,dark,borders,"(36, 51, 66)",dark blue,nursing_1-main,Lovable,index,nursing
input,210 30% 20%,dark,input background,"(36, 51, 66)",dark blue,nursing_1-main,Lovable,index,nursing
ring,210 85% 52%,dark,focus ring / outline,"(29, 133, 237)",medium blue,nursing_1-main,Lovable,index,nursing
hero-gradient-start,210 85% 35%,dark,Other / unspecified,"(13, 89, 165)",medium blue,nursing_1-main,Lovable,index,nursing
hero-gradient-end,210 75% 22%,dark,Other / unspecified,"(14, 56, 98)",dark blue,nursing_1-main,Lovable,index,nursing
card-shadow,210 50% 6%,dark,Other / unspecified,"(8, 15, 23)",very dark blue,nursing_1-main,Lovable,index,nursing
sidebar-background,240 5.9% 10%,dark,sidebar background,"(24, 24, 27)",dark gray,nursing_1-main,Lovable,index,nursing
sidebar-foreground,240 4.8% 95.9%,dark,sidebar text,"(244, 244, 245)",very light gray,nursing_1-main,Lovable,index,nursing
sidebar-primary,224.3 76.3% 48%,dark,sidebar primary elements,"(29, 78, 216)",medium blue,nursing_1-main,Lovable,index,nursing
sidebar-primary-foreground,0 0% 100%,dark,sidebar primary text,"(255, 255, 255)",very light gray,nursing_1-main,Lovable,index,nursing
sidebar-accent,240 3.7% 15.9%,dark,sidebar accent elements,"(39, 39, 42)",dark gray,nursing_1-main,Lovable,index,nursing
sidebar-accent-foreground,240 4.8% 95.9%,dark,sidebar accent text,"(244, 244, 245)",very light gray,nursing_1-main,Lovable,index,nursing
sidebar-border,240 3.7% 15.9%,dark,sidebar borders,"(39, 39, 42)",dark gray,nursing_1-main,Lovable,index,nursing
sidebar-ring,217.2 91.2% 59.8%,dark,sidebar focus ring,"(59, 130, 246)",medium blue,nursing_1-main,Lovable,index,nursing
background,0 0% 100%,light,body,"(255, 255, 255)",very light gray,nursing_5-main,Lovable,index,nursing
foreground,215 25% 20%,light,body text,"(38, 49, 64)",dark blue,nursing_5-main,Lovable,index,nursing
card,0 0% 100%,light,card background,"(255, 255, 255)",very light gray,nursing_5-main,Lovable,index,nursing
card-foreground,215 25% 20%,light,card text,"(38, 49, 64)",dark blue,nursing_5-main,Lovable,index,nursing
popover,0 0% 100%,light,popover background,"(255, 255, 255)",very light gray,nursing_5-main,Lovable,index,nursing
popover-foreground,215 25% 20%,light,popover text,"(38, 49, 64)",dark blue,nursing_5-main,Lovable,index,nursing
primary,195 85% 45%,light,primary button background / highlights,"(17, 164, 212)",medium blue,nursing_5-main,Lovable,index,nursing
primary-foreground,0 0% 100%,light,primary button text / highlights,"(255, 255, 255)",very light gray,nursing_5-main,Lovable,index,nursing
secondary,12 88% 65%,light,secondary components / sections,"(244, 119, 87)",light red,nursing_5-main,Lovable,index,nursing
secondary-foreground,0 0% 100%,light,secondary text,"(255, 255, 255)",very light gray,nursing_5-main,Lovable,index,nursing
muted,195 35% 96%,light,muted backgrounds,"(241, 247, 248)",very light blue,nursing_5-main,Lovable,index,nursing
muted-foreground,215 15% 45%,light,muted text,"(98, 112, 132)",medium blue,nursing_5-main,Lovable,index,nursing
accent,180 60% 92%,light,accent elements,"(222, 247, 247)",very light cyan,nursing_5-main,Lovable,index,nursing
accent-foreground,195 85% 35%,light,accent text,"(13, 127, 165)",medium blue,nursing_5-main,Lovable,index,nursing
destructive,0 84.2% 60.2%,light,destructive button background / error,"(239, 68, 68)",medium red,nursing_5-main,Lovable,index,nursing
destructive-foreground,0 0% 100%,light,destructive text,"(255, 255, 255)",very light gray,nursing_5-main,Lovable,index,nursing
border,215 20% 88%,light,borders,"(218, 223, 231)",very light blue,nursing_5-main,Lovable,index,nursing
input,215 20% 88%,light,input background,"(218, 223, 231)",very light blue,nursing_5-main,Lovable,index,nursing
ring,195 85% 45%,light,focus ring / outline,"(17, 164, 212)",medium blue,nursing_5-main,Lovable,index,nursing
radius,0.75rem,light,border radius,,,nursing_5-main,Lovable,index,nursing
gradient-hero,"linear-gradient(135deg, hsl(195 85% 45%), hsl(180 75% 55%))",light,hero section gradient,"(142, 291, 179)",very light green,nursing_5-main,Lovable,index,nursing
gradient-subtle,"linear-gradient(180deg, hsl(0 0% 100%), hsl(195 35% 98%))",light,Other / unspecified,"(0, 0, 0)",very dark gray,nursing_5-main,Lovable,index,nursing
shadow-card,0 4px 24px -4px hsl(195 85% 45% / 0.12),light,card shadow,"(64, 59, 59)",dark gray,nursing_5-main,Lovable,index,nursing
shadow-elevated,0 8px 32px -8px hsl(195 85% 45% / 0.2),light,elevated shadow,"(88, 75, 75)",dark gray,nursing_5-main,Lovable,index,nursing
transition-smooth,"all 0.3s cubic-bezier(0.4, 0, 0.2, 1)",light,transition speed,"(0, 0, 0)",very dark gray,nursing_5-main,Lovable,index,nursing
background,215 28% 12%,light,body,"(22, 29, 39)",dark blue,nursing_5-main,Lovable,index,nursing
foreground,0 0% 98%,light,body text,"(250, 250, 250)",very light gray,nursing_5-main,Lovable,index,nursing
card,215 25% 16%,light,card background,"(31, 39, 51)",dark blue,nursing_5-main,Lovable,index,nursing
card-foreground,0 0% 98%,light,card text,"(250, 250, 250)",very light gray,nursing_5-main,Lovable,index,nursing
popover,215 25% 16%,light,popover background,"(31, 39, 51)",dark blue,nursing_5-main,Lovable,index,nursing
popover-foreground,0 0% 98%,light,popover text,"(250, 250, 250)",very light gray,nursing_5-main,Lovable,index,nursing
primary,195 85% 55%,light,primary button background / highlights,"(43, 189, 238)",medium blue,nursing_5-main,Lovable,index,nursing
primary-foreground,215 28% 12%,light,primary button text / highlights,"(22, 29, 39)",dark blue,nursing_5-main,Lovable,index,nursing
secondary,12 88% 60%,light,secondary components / sections,"(243, 99, 63)",medium red,nursing_5-main,Lovable,index,nursing
secondary-foreground,0 0% 100%,light,secondary text,"(255, 255, 255)",very light gray,nursing_5-main,Lovable,index,nursing
muted,215 25% 20%,light,muted backgrounds,"(38, 49, 64)",dark blue,nursing_5-main,Lovable,index,nursing
muted-foreground,215 15% 65%,light,muted text,"(152, 164, 179)",light blue,nursing_5-main,Lovable,index,nursing
accent,195 45% 25%,light,accent elements,"(35, 78, 92)",dark blue,nursing_5-main,Lovable,index,nursing
accent-foreground,195 85% 75%,light,accent text,"(137, 218, 245)",light blue,nursing_5-main,Lovable,index,nursing
destructive,0 62.8% 50%,light,destructive button background / error,"(208, 47, 47)",medium red,nursing_5-main,Lovable,index,nursing
destructive-foreground,0 0% 98%,light,destructive text,"(250, 250, 250)",very light gray,nursing_5-main,Lovable,index,nursing
border,215 25% 24%,light,borders,"(46, 59, 76)",dark blue,nursing_5-main,Lovable,index,nursing
input,215 25% 24%,light,input background,"(46, 59, 76)",dark blue,nursing_5-main,Lovable,index,nursing
ring,195 85% 55%,light,focus ring / outline,"(43, 189, 238)",medium blue,nursing_5-main,Lovable,index,nursing
background,215 28% 12%,dark,body,"(22, 29, 39)",dark blue,nursing_5-main,Lovable,index,nursing
foreground,0 0% 98%,dark,body text,"(250, 250, 250)",very light gray,nursing_5-main,Lovable,index,nursing
card,215 25% 16%,dark,card background,"(31, 39, 51)",dark blue,nursing_5-main,Lovable,index,nursing
card-foreground,0 0% 98%,dark,card text,"(250, 250, 250)",very light gray,nursing_5-main,Lovable,index,nursing
popover,215 25% 16%,dark,popover background,"(31, 39, 51)",dark blue,nursing_5-main,Lovable,index,nursing
popover-foreground,0 0% 98%,dark,popover text,"(250, 250, 250)",very light gray,nursing_5-main,Lovable,index,nursing
primary,195 85% 55%,dark,primary button background / highlights,"(43, 189, 238)",medium blue,nursing_5-main,Lovable,index,nursing
primary-foreground,215 28% 12%,dark,primary button text / highlights,"(22, 29, 39)",dark blue,nursing_5-main,Lovable,index,nursing
secondary,12 88% 60%,dark,secondary components / sections,"(243, 99, 63)",medium red,nursing_5-main,Lovable,index,nursing
secondary-foreground,0 0% 100%,dark,secondary text,"(255, 255, 255)",very light gray,nursing_5-main,Lovable,index,nursing
muted,215 25% 20%,dark,muted backgrounds,"(38, 49, 64)",dark blue,nursing_5-main,Lovable,index,nursing
muted-foreground,215 15% 65%,dark,muted text,"(152, 164, 179)",light blue,nursing_5-main,Lovable,index,nursing
accent,195 45% 25%,dark,accent elements,"(35, 78, 92)",dark blue,nursing_5-main,Lovable,index,nursing
accent-foreground,195 85% 75%,dark,accent text,"(137, 218, 245)",light blue,nursing_5-main,Lovable,index,nursing
destructive,0 62.8% 50%,dark,destructive button background / error,"(208, 47, 47)",medium red,nursing_5-main,Lovable,index,nursing
destructive-foreground,0 0% 98%,dark,destructive text,"(250, 250, 250)",very light gray,nursing_5-main,Lovable,index,nursing
border,215 25% 24%,dark,borders,"(46, 59, 76)",dark blue,nursing_5-main,Lovable,index,nursing
input,215 25% 24%,dark,input background,"(46, 59, 76)",dark blue,nursing_5-main,Lovable,index,nursing
ring,195 85% 55%,dark,focus ring / outline,"(43, 189, 238)",medium blue,nursing_5-main,Lovable,index,nursing
background,0 0% 100%,light,body,"(255, 255, 255)",very light gray,nursing_4-main,Lovable,index,nursing
foreground,215 25% 27%,light,body text,"(52, 66, 86)",dark blue,nursing_4-main,Lovable,index,nursing
card,0 0% 100%,light,card background,"(255, 255, 255)",very light gray,nursing_4-main,Lovable,index,nursing
card-foreground,215 25% 27%,light,card text,"(52, 66, 86)",dark blue,nursing_4-main,Lovable,index,nursing
popover,0 0% 100%,light,popover background,"(255, 255, 255)",very light gray,nursing_4-main,Lovable,index,nursing
popover-foreground,215 25% 27%,light,popover text,"(52, 66, 86)",dark blue,nursing_4-main,Lovable,index,nursing
primary,217 91% 60%,light,primary button background / highlights,"(60, 131, 246)",medium blue,nursing_4-main,Lovable,index,nursing
primary-foreground,0 0% 100%,light,primary button text / highlights,"(255, 255, 255)",very light gray,nursing_4-main,Lovable,index,nursing
secondary,174 72% 56%,light,secondary components / sections,"(62, 224, 207)",medium cyan,nursing_4-main,Lovable,index,nursing
secondary-foreground,0 0% 100%,light,secondary text,"(255, 255, 255)",very light gray,nursing_4-main,Lovable,index,nursing
muted,210 40% 96%,light,muted backgrounds,"(241, 245, 249)",very light blue,nursing_4-main,Lovable,index,nursing
muted-foreground,215 16% 47%,light,muted text,"(101, 117, 139)",medium blue,nursing_4-main,Lovable,index,nursing
accent,14 90% 65%,light,accent elements,"(246, 123, 85)",light red,nursing_4-main,Lovable,index,nursing
accent-foreground,0 0% 100%,light,accent text,"(255, 255, 255)",very light gray,nursing_4-main,Lovable,index,nursing
destructive,0 84% 60%,light,destructive button background / error,"(239, 67, 67)",medium red,nursing_4-main,Lovable,index,nursing
destructive-foreground,0 0% 100%,light,destructive text,"(255, 255, 255)",very light gray,nursing_4-main,Lovable,index,nursing
border,214 32% 91%,light,borders,"(225, 231, 239)",very light blue,nursing_4-main,Lovable,index,nursing
input,214 32% 91%,light,input background,"(225, 231, 239)",very light blue,nursing_4-main,Lovable,index,nursing
ring,217 91% 60%,light,focus ring / outline,"(60, 131, 246)",medium blue,nursing_4-main,Lovable,index,nursing
radius,0.75rem,light,border radius,,,nursing_4-main,Lovable,index,nursing
gradient-hero,"linear-gradient(135deg, hsl(217 91% 60%) 0%, hsl(174 72% 56%) 100%)",light,hero section gradient,"(182, 282, 207)",very light green,nursing_4-main,Lovable,index,nursing
shadow-soft,0 2px 8px -2px hsl(215 25% 27% / 0.08),light,Other / unspecified,"(21, 20, 20)",very dark gray,nursing_4-main,Lovable,index,nursing
shadow-medium,0 4px 16px -4px hsl(215 25% 27% / 0.12),light,Other / unspecified,"(42, 39, 39)",dark gray,nursing_4-main,Lovable,index,nursing
transition-smooth,"all 0.3s cubic-bezier(0.4, 0, 0.2, 1)",light,transition speed,"(0, 0, 0)",very dark gray,nursing_4-main,Lovable,index,nursing
background,215 28% 17%,light,body,"(31, 41, 55)",dark blue,nursing_4-main,Lovable,index,nursing
foreground,210 40% 98%,light,body text,"(248, 250, 252)",very light blue,nursing_4-main,Lovable,index,nursing
card,215 28% 17%,light,card background,"(31, 41, 55)",dark blue,nursing_4-main,Lovable,index,nursing
card-foreground,210 40% 98%,light,card text,"(248, 250, 252)",very light blue,nursing_4-main,Lovable,index,nursing
popover,215 28% 17%,light,popover background,"(31, 41, 55)",dark blue,nursing_4-main,Lovable,index,nursing
popover-foreground,210 40% 98%,light,popover text,"(248, 250, 252)",very light blue,nursing_4-main,Lovable,index,nursing
primary,217 91% 60%,light,primary button background / highlights,"(60, 131, 246)",medium blue,nursing_4-main,Lovable,index,nursing
primary-foreground,0 0% 100%,light,primary button text / highlights,"(255, 255, 255)",very light gray,nursing_4-main,Lovable,index,nursing
secondary,174 72% 56%,light,secondary components / sections,"(62, 224, 207)",medium cyan,nursing_4-main,Lovable,index,nursing
secondary-foreground,0 0% 100%,light,secondary text,"(255, 255, 255)",very light gray,nursing_4-main,Lovable,index,nursing
muted,215 25% 25%,light,muted backgrounds,"(48, 61, 80)",dark blue,nursing_4-main,Lovable,index,nursing
muted-foreground,215 20% 65%,light,muted text,"(148, 163, 184)",light blue,nursing_4-main,Lovable,index,nursing
accent,14 90% 65%,light,accent elements,"(246, 123, 85)",light red,nursing_4-main,Lovable,index,nursing
accent-foreground,0 0% 100%,light,accent text,"(255, 255, 255)",very light gray,nursing_4-main,Lovable,index,nursing
destructive,0 63% 31%,light,destructive button background / error,"(129, 29, 29)",dark red,nursing_4-main,Lovable,index,nursing
destructive-foreground,210 40% 98%,light,destructive text,"(248, 250, 252)",very light blue,nursing_4-main,Lovable,index,nursing
border,215 25% 25%,light,borders,"(48, 61, 80)",dark blue,nursing_4-main,Lovable,index,nursing
input,215 25% 25%,light,input background,"(48, 61, 80)",dark blue,nursing_4-main,Lovable,index,nursing
ring,217 91% 60%,light,focus ring / outline,"(60, 131, 246)",medium blue,nursing_4-main,Lovable,index,nursing
shadow-soft,0 2px 8px -2px hsl(0 0% 0% / 0.3),light,Other / unspecified,"(21, 20, 20)",very dark gray,nursing_4-main,Lovable,index,nursing
shadow-medium,0 4px 16px -4px hsl(0 0% 0% / 0.4),light,Other / unspecified,"(42, 39, 39)",dark gray,nursing_4-main,Lovable,index,nursing
background,215 28% 17%,dark,body,"(31, 41, 55)",dark blue,nursing_4-main,Lovable,index,nursing
foreground,210 40% 98%,dark,body text,"(248, 250, 252)",very light blue,nursing_4-main,Lovable,index,nursing
card,215 28% 17%,dark,card background,"(31, 41, 55)",dark blue,nursing_4-main,Lovable,index,nursing
card-foreground,210 40% 98%,dark,card text,"(248, 250, 252)",very light blue,nursing_4-main,Lovable,index,nursing
popover,215 28% 17%,dark,popover background,"(31, 41, 55)",dark blue,nursing_4-main,Lovable,index,nursing
popover-foreground,210 40% 98%,dark,popover text,"(248, 250, 252)",very light blue,nursing_4-main,Lovable,index,nursing
primary,217 91% 60%,dark,primary button background / highlights,"(60, 131, 246)",medium blue,nursing_4-main,Lovable,index,nursing
primary-foreground,0 0% 100%,dark,primary button text / highlights,"(255, 255, 255)",very light gray,nursing_4-main,Lovable,index,nursing
secondary,174 72% 56%,dark,secondary components / sections,"(62, 224, 207)",medium cyan,nursing_4-main,Lovable,index,nursing
secondary-foreground,0 0% 100%,dark,secondary text,"(255, 255, 255)",very light gray,nursing_4-main,Lovable,index,nursing
muted,215 25% 25%,dark,muted backgrounds,"(48, 61, 80)",dark blue,nursing_4-main,Lovable,index,nursing
muted-foreground,215 20% 65%,dark,muted text,"(148, 163, 184)",light blue,nursing_4-main,Lovable,index,nursing
accent,14 90% 65%,dark,accent elements,"(246, 123, 85)",light red,nursing_4-main,Lovable,index,nursing
accent-foreground,0 0% 100%,dark,accent text,"(255, 255, 255)",very light gray,nursing_4-main,Lovable,index,nursing
destructive,0 63% 31%,dark,destructive button background / error,"(129, 29, 29)",dark red,nursing_4-main,Lovable,index,nursing
destructive-foreground,210 40% 98%,dark,destructive text,"(248, 250, 252)",very light blue,nursing_4-main,Lovable,index,nursing
border,215 25% 25%,dark,borders,"(48, 61, 80)",dark blue,nursing_4-main,Lovable,index,nursing
input,215 25% 25%,dark,input background,"(48, 61, 80)",dark blue,nursing_4-main,Lovable,index,nursing
ring,217 91% 60%,dark,focus ring / outline,"(60, 131, 246)",medium blue,nursing_4-main,Lovable,index,nursing
shadow-soft,0 2px 8px -2px hsl(0 0% 0% / 0.3),dark,Other / unspecified,"(21, 20, 20)",very dark gray,nursing_4-main,Lovable,index,nursing
shadow-medium,0 4px 16px -4px hsl(0 0% 0% / 0.4),dark,Other / unspecified,"(42, 39, 39)",dark gray,nursing_4-main,Lovable,index,nursing
background,0 0% 100%,light,body,"(255, 255, 255)",very light gray,nursing_3-main,Lovable,index,nursing
foreground,215 25% 15%,light,body text,"(29, 37, 48)",dark blue,nursing_3-main,Lovable,index,nursing
card,0 0% 100%,light,card background,"(255, 255, 255)",very light gray,nursing_3-main,Lovable,index,nursing
card-foreground,215 25% 15%,light,card text,"(29, 37, 48)",dark blue,nursing_3-main,Lovable,index,nursing
popover,0 0% 100%,light,popover background,"(255, 255, 255)",very light gray,nursing_3-main,Lovable,index,nursing
popover-foreground,215 25% 15%,light,popover text,"(29, 37, 48)",dark blue,nursing_3-main,Lovable,index,nursing
primary,184 65% 45%,light,primary button background / highlights,"(40, 179, 189)",medium cyan,nursing_3-main,Lovable,index,nursing
primary-foreground,0 0% 100%,light,primary button text / highlights,"(255, 255, 255)",very light gray,nursing_3-main,Lovable,index,nursing
secondary,15 85% 65%,light,secondary components / sections,"(242, 128, 90)",light orange,nursing_3-main,Lovable,index,nursing
secondary-foreground,0 0% 100%,light,secondary text,"(255, 255, 255)",very light gray,nursing_3-main,Lovable,index,nursing
muted,210 20% 96%,light,muted backgrounds,"(243, 245, 247)",very light blue,nursing_3-main,Lovable,index,nursing
muted-foreground,215 15% 50%,light,muted text,"(108, 124, 147)",medium blue,nursing_3-main,Lovable,index,nursing
accent,210 30% 94%,light,accent elements,"(235, 240, 244)",very light blue,nursing_3-main,Lovable,index,nursing
accent-foreground,215 25% 15%,light,accent text,"(29, 37, 48)",dark blue,nursing_3-main,Lovable,index,nursing
destructive,0 84.2% 60.2%,light,destructive button background / error,"(239, 68, 68)",medium red,nursing_3-main,Lovable,index,nursing
destructive-foreground,0 0% 100%,light,destructive text,"(255, 255, 255)",very light gray,nursing_3-main,Lovable,index,nursing
border,214 20% 88%,light,borders,"(218, 224, 231)",very light blue,nursing_3-main,Lovable,index,nursing
input,214 20% 88%,light,input background,"(218, 224, 231)",very light blue,nursing_3-main,Lovable,index,nursing
ring,184 65% 45%,light,focus ring / outline,"(40, 179, 189)",medium cyan,nursing_3-main,Lovable,index,nursing
radius,0.75rem,light,border radius,,,nursing_3-main,Lovable,index,nursing
navy,215 40% 25%,light,Other / unspecified,"(38, 59, 89)",dark blue,nursing_3-main,Lovable,index,nursing
navy-foreground,0 0% 100%,light,Other / unspecified,"(255, 255, 255)",very light gray,nursing_3-main,Lovable,index,nursing
teal-light,184 50% 88%,light,Other / unspecified,"(209, 238, 240)",very light cyan,nursing_3-main,Lovable,index,nursing
coral-light,15 75% 92%,light,Other / unspecified,"(250, 227, 219)",very light orange,nursing_3-main,Lovable,index,nursing
gradient-hero,"linear-gradient(135deg, hsl(184 65% 45%) 0%, hsl(184 60% 35%) 100%)",light,hero section gradient,"(2, 330, 84)",light green,nursing_3-main,Lovable,index,nursing
gradient-accent,"linear-gradient(135deg, hsl(15 85% 65%) 0%, hsl(15 80% 55%) 100%)",light,Other / unspecified,"(211, 222, 214)",very light green,nursing_3-main,Lovable,index,nursing
shadow-lg,0 10px 40px -10px hsl(184 65% 45% / 0.2),light,Other / unspecified,"(112, 92, 92)",medium red,nursing_3-main,Lovable,index,nursing
shadow-card,0 4px 20px -2px hsl(215 25% 15% / 0.08),light,card shadow,"(53, 49, 49)",dark gray,nursing_3-main,Lovable,index,nursing
sidebar-background,0 0% 98%,light,sidebar background,"(250, 250, 250)",very light gray,nursing_3-main,Lovable,index,nursing
sidebar-foreground,240 5.3% 26.1%,light,sidebar text,"(63, 63, 70)",dark gray,nursing_3-main,Lovable,index,nursing
sidebar-primary,240 5.9% 10%,light,sidebar primary elements,"(24, 24, 27)",dark gray,nursing_3-main,Lovable,index,nursing
sidebar-primary-foreground,0 0% 98%,light,sidebar primary text,"(250, 250, 250)",very light gray,nursing_3-main,Lovable,index,nursing
sidebar-accent,240 4.8% 95.9%,light,sidebar accent elements,"(244, 244, 245)",very light gray,nursing_3-main,Lovable,index,nursing
sidebar-accent-foreground,240 5.9% 10%,light,sidebar accent text,"(24, 24, 27)",dark gray,nursing_3-main,Lovable,index,nursing
sidebar-border,220 13% 91%,light,sidebar borders,"(229, 231, 235)",very light blue,nursing_3-main,Lovable,index,nursing
sidebar-ring,217.2 91.2% 59.8%,light,sidebar focus ring,"(59, 130, 246)",medium blue,nursing_3-main,Lovable,index,nursing
background,215 35% 12%,light,body,"(20, 29, 41)",dark blue,nursing_3-main,Lovable,index,nursing
foreground,210 20% 96%,light,body text,"(243, 245, 247)",very light blue,nursing_3-main,Lovable,index,nursing
card,215 30% 16%,light,card background,"(29, 39, 53)",dark blue,nursing_3-main,Lovable,index,nursing
card-foreground,210 20% 96%,light,card text,"(243, 245, 247)",very light blue,nursing_3-main,Lovable,index,nursing
popover,215 30% 16%,light,popover background,"(29, 39, 53)",dark blue,nursing_3-main,Lovable,index,nursing
popover-foreground,210 20% 96%,light,popover text,"(243, 245, 247)",very light blue,nursing_3-main,Lovable,index,nursing
primary,184 65% 55%,light,primary button background / highlights,"(66, 205, 215)",medium cyan,nursing_3-main,Lovable,index,nursing
primary-foreground,0 0% 100%,light,primary button text / highlights,"(255, 255, 255)",very light gray,nursing_3-main,Lovable,index,nursing
secondary,15 85% 70%,light,secondary components / sections,"(244, 146, 113)",light orange,nursing_3-main,Lovable,index,nursing
secondary-foreground,0 0% 100%,light,secondary text,"(255, 255, 255)",very light gray,nursing_3-main,Lovable,index,nursing
muted,215 25% 20%,light,muted backgrounds,"(38, 49, 64)",dark blue,nursing_3-main,Lovable,index,nursing
muted-foreground,215 15% 65%,light,muted text,"(152, 164, 179)",light blue,nursing_3-main,Lovable,index,nursing
accent,215 25% 22%,light,accent elements,"(42, 54, 70)",dark blue,nursing_3-main,Lovable,index,nursing
accent-foreground,210 20% 96%,light,accent text,"(243, 245, 247)",very light blue,nursing_3-main,Lovable,index,nursing
destructive,0 62.8% 50%,light,destructive button background / error,"(208, 47, 47)",medium red,nursing_3-main,Lovable,index,nursing
destructive-foreground,0 0% 100%,light,destructive text,"(255, 255, 255)",very light gray,nursing_3-main,Lovable,index,nursing
border,215 25% 24%,light,borders,"(46, 59, 76)",dark blue,nursing_3-main,Lovable,index,nursing
input,215 25% 24%,light,input background,"(46, 59, 76)",dark blue,nursing_3-main,Lovable,index,nursing
ring,184 65% 55%,light,focus ring / outline,"(66, 205, 215)",medium cyan,nursing_3-main,Lovable,index,nursing
navy,215 40% 35%,light,Other / unspecified,"(54, 83, 125)",medium blue,nursing_3-main,Lovable,index,nursing
navy-foreground,0 0% 100%,light,Other / unspecified,"(255, 255, 255)",very light gray,nursing_3-main,Lovable,index,nursing
teal-light,184 50% 25%,light,Other / unspecified,"(32, 91, 96)",dark cyan,nursing_3-main,Lovable,index,nursing
coral-light,15 75% 25%,light,Other / unspecified,"(112, 40, 16)",dark orange,nursing_3-main,Lovable,index,nursing
shadow-lg,0 10px 40px -10px hsl(184 65% 55% / 0.3),light,Other / unspecified,"(112, 92, 92)",medium red,nursing_3-main,Lovable,index,nursing
shadow-card,0 4px 20px -2px hsl(0 0% 0% / 0.4),light,card shadow,"(53, 49, 49)",dark gray,nursing_3-main,Lovable,index,nursing
sidebar-background,240 5.9% 10%,light,sidebar background,"(24, 24, 27)",dark gray,nursing_3-main,Lovable,index,nursing
sidebar-foreground,240 4.8% 95.9%,light,sidebar text,"(244, 244, 245)",very light gray,nursing_3-main,Lovable,index,nursing
sidebar-primary,224.3 76.3% 48%,light,sidebar primary elements,"(29, 78, 216)",medium blue,nursing_3-main,Lovable,index,nursing
sidebar-primary-foreground,0 0% 100%,light,sidebar primary text,"(255, 255, 255)",very light gray,nursing_3-main,Lovable,index,nursing
sidebar-accent,240 3.7% 15.9%,light,sidebar accent elements,"(39, 39, 42)",dark gray,nursing_3-main,Lovable,index,nursing
sidebar-accent-foreground,240 4.8% 95.9%,light,sidebar accent text,"(244, 244, 245)",very light gray,nursing_3-main,Lovable,index,nursing
sidebar-border,240 3.7% 15.9%,light,sidebar borders,"(39, 39, 42)",dark gray,nursing_3-main,Lovable,index,nursing
sidebar-ring,217.2 91.2% 59.8%,light,sidebar focus ring,"(59, 130, 246)",medium blue,nursing_3-main,Lovable,index,nursing
background,215 35% 12%,dark,body,"(20, 29, 41)",dark blue,nursing_3-main,Lovable,index,nursing
foreground,210 20% 96%,dark,body text,"(243, 245, 247)",very light blue,nursing_3-main,Lovable,index,nursing
card,215 30% 16%,dark,card background,"(29, 39, 53)",dark blue,nursing_3-main,Lovable,index,nursing
card-foreground,210 20% 96%,dark,card text,"(243, 245, 247)",very light blue,nursing_3-main,Lovable,index,nursing
popover,215 30% 16%,dark,popover background,"(29, 39, 53)",dark blue,nursing_3-main,Lovable,index,nursing
popover-foreground,210 20% 96%,dark,popover text,"(243, 245, 247)",very light blue,nursing_3-main,Lovable,index,nursing
primary,184 65% 55%,dark,primary button background / highlights,"(66, 205, 215)",medium cyan,nursing_3-main,Lovable,index,nursing
primary-foreground,0 0% 100%,dark,primary button text / highlights,"(255, 255, 255)",very light gray,nursing_3-main,Lovable,index,nursing
secondary,15 85% 70%,dark,secondary components / sections,"(244, 146, 113)",light orange,nursing_3-main,Lovable,index,nursing
secondary-foreground,0 0% 100%,dark,secondary text,"(255, 255, 255)",very light gray,nursing_3-main,Lovable,index,nursing
muted,215 25% 20%,dark,muted backgrounds,"(38, 49, 64)",dark blue,nursing_3-main,Lovable,index,nursing
muted-foreground,215 15% 65%,dark,muted text,"(152, 164, 179)",light blue,nursing_3-main,Lovable,index,nursing
accent,215 25% 22%,dark,accent elements,"(42, 54, 70)",dark blue,nursing_3-main,Lovable,index,nursing
accent-foreground,210 20% 96%,dark,accent text,"(243, 245, 247)",very light blue,nursing_3-main,Lovable,index,nursing
destructive,0 62.8% 50%,dark,destructive button background / error,"(208, 47, 47)",medium red,nursing_3-main,Lovable,index,nursing
destructive-foreground,0 0% 100%,dark,destructive text,"(255, 255, 255)",very light gray,nursing_3-main,Lovable,index,nursing
border,215 25% 24%,dark,borders,"(46, 59, 76)",dark blue,nursing_3-main,Lovable,index,nursing
input,215 25% 24%,dark,input background,"(46, 59, 76)",dark blue,nursing_3-main,Lovable,index,nursing
ring,184 65% 55%,dark,focus ring / outline,"(66, 205, 215)",medium cyan,nursing_3-main,Lovable,index,nursing
navy,215 40% 35%,dark,Other / unspecified,"(54, 83, 125)",medium blue,nursing_3-main,Lovable,index,nursing
navy-foreground,0 0% 100%,dark,Other / unspecified,"(255, 255, 255)",very light gray,nursing_3-main,Lovable,index,nursing
teal-light,184 50% 25%,dark,Other / unspecified,"(32, 91, 96)",dark cyan,nursing_3-main,Lovable,index,nursing
coral-light,15 75% 25%,dark,Other / unspecified,"(112, 40, 16)",dark orange,nursing_3-main,Lovable,index,nursing
shadow-lg,0 10px 40px -10px hsl(184 65% 55% / 0.3),dark,Other / unspecified,"(112, 92, 92)",medium red,nursing_3-main,Lovable,index,nursing
shadow-card,0 4px 20px -2px hsl(0 0% 0% / 0.4),dark,card shadow,"(53, 49, 49)",dark gray,nursing_3-main,Lovable,index,nursing
sidebar-background,240 5.9% 10%,dark,sidebar background,"(24, 24, 27)",dark gray,nursing_3-main,Lovable,index,nursing
sidebar-foreground,240 4.8% 95.9%,dark,sidebar text,"(244, 244, 245)",very light gray,nursing_3-main,Lovable,index,nursing
sidebar-primary,224.3 76.3% 48%,dark,sidebar primary elements,"(29, 78, 216)",medium blue,nursing_3-main,Lovable,index,nursing
sidebar-primary-foreground,0 0% 100%,dark,sidebar primary text,"(255, 255, 255)",very light gray,nursing_3-main,Lovable,index,nursing
sidebar-accent,240 3.7% 15.9%,dark,sidebar accent elements,"(39, 39, 42)",dark gray,nursing_3-main,Lovable,index,nursing
sidebar-accent-foreground,240 4.8% 95.9%,dark,sidebar accent text,"(244, 244, 245)",very light gray,nursing_3-main,Lovable,index,nursing
sidebar-border,240 3.7% 15.9%,dark,sidebar borders,"(39, 39, 42)",dark gray,nursing_3-main,Lovable,index,nursing
sidebar-ring,217.2 91.2% 59.8%,dark,sidebar focus ring,"(59, 130, 246)",medium blue,nursing_3-main,Lovable,index,nursing
background,0 0% 100%,light,body,"(255, 255, 255)",very light gray,nursing_2-main,Lovable,index,nursing
foreground,210 17% 15%,light,body text,"(32, 38, 45)",dark blue,nursing_2-main,Lovable,index,nursing
card,0 0% 100%,light,card background,"(255, 255, 255)",very light gray,nursing_2-main,Lovable,index,nursing
card-foreground,210 17% 15%,light,card text,"(32, 38, 45)",dark blue,nursing_2-main,Lovable,index,nursing
popover,0 0% 100%,light,popover background,"(255, 255, 255)",very light gray,nursing_2-main,Lovable,index,nursing
popover-foreground,210 17% 15%,light,popover text,"(32, 38, 45)",dark blue,nursing_2-main,Lovable,index,nursing
primary,199 89% 48%,light,primary button background / highlights,"(13, 162, 231)",medium blue,nursing_2-main,Lovable,index,nursing
primary-foreground,0 0% 100%,light,primary button text / highlights,"(255, 255, 255)",very light gray,nursing_2-main,Lovable,index,nursing
secondary,14 90% 65%,light,secondary components / sections,"(246, 123, 85)",light red,nursing_2-main,Lovable,index,nursing
secondary-foreground,0 0% 100%,light,secondary text,"(255, 255, 255)",very light gray,nursing_2-main,Lovable,index,nursing
muted,210 40% 96%,light,muted backgrounds,"(241, 245, 249)",very light blue,nursing_2-main,Lovable,index,nursing
muted-foreground,210 12% 50%,light,muted text,"(112, 127, 143)",medium blue,nursing_2-main,Lovable,index,nursing
accent,188 94% 35%,light,accent elements,"(5, 151, 173)",medium cyan,nursing_2-main,Lovable,index,nursing
accent-foreground,0 0% 100%,light,accent text,"(255, 255, 255)",very light gray,nursing_2-main,Lovable,index,nursing
destructive,0 84% 60%,light,destructive button background / error,"(239, 67, 67)",medium red,nursing_2-main,Lovable,index,nursing
destructive-foreground,0 0% 100%,light,destructive text,"(255, 255, 255)",very light gray,nursing_2-main,Lovable,index,nursing
border,210 30% 90%,light,borders,"(222, 230, 237)",very light blue,nursing_2-main,Lovable,index,nursing
input,210 30% 90%,light,input background,"(222, 230, 237)",very light blue,nursing_2-main,Lovable,index,nursing
ring,199 89% 48%,light,focus ring / outline,"(13, 162, 231)",medium blue,nursing_2-main,Lovable,index,nursing
radius,0.75rem,light,border radius,,,nursing_2-main,Lovable,index,nursing
hero-gradient,"linear-gradient(135deg, hsl(199 89% 48%) 0%, hsl(188 94% 35%) 100%)",light,Other / unspecified,"(171, 283, 199)",very light green,nursing_2-main,Lovable,index,nursing
soft-bg,210 40% 98%,light,Other / unspecified,"(248, 250, 252)",very light blue,nursing_2-main,Lovable,index,nursing
section-spacing,5rem,light,Other / unspecified,,,nursing_2-main,Lovable,index,nursing
sidebar-background,0 0% 98%,light,sidebar background,"(250, 250, 250)",very light gray,nursing_2-main,Lovable,index,nursing
sidebar-foreground,240 5.3% 26.1%,light,sidebar text,"(63, 63, 70)",dark gray,nursing_2-main,Lovable,index,nursing
sidebar-primary,240 5.9% 10%,light,sidebar primary elements,"(24, 24, 27)",dark gray,nursing_2-main,Lovable,index,nursing
sidebar-primary-foreground,0 0% 98%,light,sidebar primary text,"(250, 250, 250)",very light gray,nursing_2-main,Lovable,index,nursing
sidebar-accent,240 4.8% 95.9%,light,sidebar accent elements,"(244, 244, 245)",very light gray,nursing_2-main,Lovable,index,nursing
sidebar-accent-foreground,240 5.9% 10%,light,sidebar accent text,"(24, 24, 27)",dark gray,nursing_2-main,Lovable,index,nursing
sidebar-border,220 13% 91%,light,sidebar borders,"(229, 231, 235)",very light blue,nursing_2-main,Lovable,index,nursing
sidebar-ring,217.2 91.2% 59.8%,light,sidebar focus ring,"(59, 130, 246)",medium blue,nursing_2-main,Lovable,index,nursing
background,210 20% 10%,light,body,"(20, 25, 31)",dark blue,nursing_2-main,Lovable,index,nursing
foreground,210 40% 98%,light,body text,"(248, 250, 252)",very light blue,nursing_2-main,Lovable,index,nursing
card,210 20% 12%,light,card background,"(24, 31, 37)",dark blue,nursing_2-main,Lovable,index,nursing
card-foreground,210 40% 98%,light,card text,"(248, 250, 252)",very light blue,nursing_2-main,Lovable,index,nursing
popover,210 20% 12%,light,popover background,"(24, 31, 37)",dark blue,nursing_2-main,Lovable,index,nursing
popover-foreground,210 40% 98%,light,popover text,"(248, 250, 252)",very light blue,nursing_2-main,Lovable,index,nursing
primary,199 89% 48%,light,primary button background / highlights,"(13, 162, 231)",medium blue,nursing_2-main,Lovable,index,nursing
primary-foreground,0 0% 100%,light,primary button text / highlights,"(255, 255, 255)",very light gray,nursing_2-main,Lovable,index,nursing
secondary,14 90% 65%,light,secondary components / sections,"(246, 123, 85)",light red,nursing_2-main,Lovable,index,nursing
secondary-foreground,0 0% 100%,light,secondary text,"(255, 255, 255)",very light gray,nursing_2-main,Lovable,index,nursing
muted,210 20% 18%,light,muted backgrounds,"(37, 46, 55)",dark blue,nursing_2-main,Lovable,index,nursing
muted-foreground,210 20% 65%,light,muted text,"(148, 166, 184)",light blue,nursing_2-main,Lovable,index,nursing
accent,188 94% 35%,light,accent elements,"(5, 151, 173)",medium cyan,nursing_2-main,Lovable,index,nursing
accent-foreground,0 0% 100%,light,accent text,"(255, 255, 255)",very light gray,nursing_2-main,Lovable,index,nursing
destructive,0 62% 45%,light,destructive button background / error,"(186, 44, 44)",medium red,nursing_2-main,Lovable,index,nursing
destructive-foreground,0 0% 100%,light,destructive text,"(255, 255, 255)",very light gray,nursing_2-main,Lovable,index,nursing
border,210 20% 20%,light,borders,"(41, 51, 61)",dark blue,nursing_2-main,Lovable,index,nursing
input,210 20% 20%,light,input background,"(41, 51, 61)",dark blue,nursing_2-main,Lovable,index,nursing
ring,199 89% 48%,light,focus ring / outline,"(13, 162, 231)",medium blue,nursing_2-main,Lovable,index,nursing
hero-gradient,"linear-gradient(135deg, hsl(199 89% 38%) 0%, hsl(188 94% 28%) 100%)",light,Other / unspecified,"(171, 283, 199)",very light green,nursing_2-main,Lovable,index,nursing
soft-bg,210 20% 15%,light,Other / unspecified,"(31, 38, 46)",dark blue,nursing_2-main,Lovable,index,nursing
sidebar-background,240 5.9% 10%,light,sidebar background,"(24, 24, 27)",dark gray,nursing_2-main,Lovable,index,nursing
sidebar-foreground,240 4.8% 95.9%,light,sidebar text,"(244, 244, 245)",very light gray,nursing_2-main,Lovable,index,nursing
sidebar-primary,224.3 76.3% 48%,light,sidebar primary elements,"(29, 78, 216)",medium blue,nursing_2-main,Lovable,index,nursing
sidebar-primary-foreground,0 0% 100%,light,sidebar primary text,"(255, 255, 255)",very light gray,nursing_2-main,Lovable,index,nursing
sidebar-accent,240 3.7% 15.9%,light,sidebar accent elements,"(39, 39, 42)",dark gray,nursing_2-main,Lovable,index,nursing
sidebar-accent-foreground,240 4.8% 95.9%,light,sidebar accent text,"(244, 244, 245)",very light gray,nursing_2-main,Lovable,index,nursing
sidebar-border,240 3.7% 15.9%,light,sidebar borders,"(39, 39, 42)",dark gray,nursing_2-main,Lovable,index,nursing
sidebar-ring,217.2 91.2% 59.8%,light,sidebar focus ring,"(59, 130, 246)",medium blue,nursing_2-main,Lovable,index,nursing
background,210 20% 10%,dark,body,"(20, 25, 31)",dark blue,nursing_2-main,Lovable,index,nursing
foreground,210 40% 98%,dark,body text,"(248, 250, 252)",very light blue,nursing_2-main,Lovable,index,nursing
card,210 20% 12%,dark,card background,"(24, 31, 37)",dark blue,nursing_2-main,Lovable,index,nursing
card-foreground,210 40% 98%,dark,card text,"(248, 250, 252)",very light blue,nursing_2-main,Lovable,index,nursing
popover,210 20% 12%,dark,popover background,"(24, 31, 37)",dark blue,nursing_2-main,Lovable,index,nursing
popover-foreground,210 40% 98%,dark,popover text,"(248, 250, 252)",very light blue,nursing_2-main,Lovable,index,nursing
primary,199 89% 48%,dark,primary button background / highlights,"(13, 162, 231)",medium blue,nursing_2-main,Lovable,index,nursing
primary-foreground,0 0% 100%,dark,primary button text / highlights,"(255, 255, 255)",very light gray,nursing_2-main,Lovable,index,nursing
secondary,14 90% 65%,dark,secondary components / sections,"(246, 123, 85)",light red,nursing_2-main,Lovable,index,nursing
secondary-foreground,0 0% 100%,dark,secondary text,"(255, 255, 255)",very light gray,nursing_2-main,Lovable,index,nursing
muted,210 20% 18%,dark,muted backgrounds,"(37, 46, 55)",dark blue,nursing_2-main,Lovable,index,nursing
muted-foreground,210 20% 65%,dark,muted text,"(148, 166, 184)",light blue,nursing_2-main,Lovable,index,nursing
accent,188 94% 35%,dark,accent elements,"(5, 151, 173)",medium cyan,nursing_2-main,Lovable,index,nursing
accent-foreground,0 0% 100%,dark,accent text,"(255, 255, 255)",very light gray,nursing_2-main,Lovable,index,nursing
destructive,0 62% 45%,dark,destructive button background / error,"(186, 44, 44)",medium red,nursing_2-main,Lovable,index,nursing
destructive-foreground,0 0% 100%,dark,destructive text,"(255, 255, 255)",very light gray,nursing_2-main,Lovable,index,nursing
border,210 20% 20%,dark,borders,"(41, 51, 61)",dark blue,nursing_2-main,Lovable,index,nursing
input,210 20% 20%,dark,input background,"(41, 51, 61)",dark blue,nursing_2-main,Lovable,index,nursing
ring,199 89% 48%,dark,focus ring / outline,"(13, 162, 231)",medium blue,nursing_2-main,Lovable,index,nursing
hero-gradient,"linear-gradient(135deg, hsl(199 89% 38%) 0%, hsl(188 94% 28%) 100%)",dark,Other / unspecified,"(171, 283, 199)",very light green,nursing_2-main,Lovable,index,nursing
soft-bg,210 20% 15%,dark,Other / unspecified,"(31, 38, 46)",dark blue,nursing_2-main,Lovable,index,nursing
sidebar-background,240 5.9% 10%,dark,sidebar background,"(24, 24, 27)",dark gray,nursing_2-main,Lovable,index,nursing
sidebar-foreground,240 4.8% 95.9%,dark,sidebar text,"(244, 244, 245)",very light gray,nursing_2-main,Lovable,index,nursing
sidebar-primary,224.3 76.3% 48%,dark,sidebar primary elements,"(29, 78, 216)",medium blue,nursing_2-main,Lovable,index,nursing
sidebar-primary-foreground,0 0% 100%,dark,sidebar primary text,"(255, 255, 255)",very light gray,nursing_2-main,Lovable,index,nursing
sidebar-accent,240 3.7% 15.9%,dark,sidebar accent elements,"(39, 39, 42)",dark gray,nursing_2-main,Lovable,index,nursing
sidebar-accent-foreground,240 4.8% 95.9%,dark,sidebar accent text,"(244, 244, 245)",very light gray,nursing_2-main,Lovable,index,nursing
sidebar-border,240 3.7% 15.9%,dark,sidebar borders,"(39, 39, 42)",dark gray,nursing_2-main,Lovable,index,nursing
sidebar-ring,217.2 91.2% 59.8%,dark,sidebar focus ring,"(59, 130, 246)",medium blue,nursing_2-main,Lovable,index,nursing
